solid app/meshes/bunny000
 facet normal -1.000000000 0.000000000 -0.000000000
  outer loop
   vertex 0.019663835 1.518262713 -0.285551189
   vertex 0.019663835 1.675712180 -0.173087284
   vertex 0.019663835 1.518262713 -0.150594503
  endloop
 endfacet
 facet normal 0.502570711 0.071795816 0.861549790
  outer loop
   vertex 0.019663835 1.518262713 -0.285551189
   vertex -0.250249537 1.518262713 -0.128101722
   vertex -0.002828946 1.675712180 -0.285551189
  endloop
 endfacet
 facet normal -0.759273008 -0.092033092 -0.644231643
  outer loop
   vertex -0.070307289 1.630726618 -0.060623379
   vertex 0.019663835 1.518262713 -0.150594503
   vertex 0.019663835 1.675712180 -0.173087284
  endloop
 endfacet
 facet normal -0.000000000 -0.707106781 -0.707106781
  outer loop
   vertex -0.070307289 1.630726618 -0.060623379
   vertex -0.115292851 1.653219399 -0.083116160
   vertex -0.137785632 1.585741056 -0.015637817
  endloop
 endfacet
 facet normal -0.554700196 0.000000000 -0.832050294
  outer loop
   vertex -0.137785632 1.518262713 -0.015637817
   vertex -0.070307289 1.630726618 -0.060623379
   vertex -0.137785632 1.585741056 -0.015637817
  endloop
 endfacet
 facet normal -0.648355085 0.086447345 -0.756414265
  outer loop
   vertex -0.137785632 1.518262713 -0.015637817
   vertex 0.019663835 1.518262713 -0.150594503
   vertex -0.070307289 1.630726618 -0.060623379
  endloop
 endfacet
 facet normal -0.000000000 0.000000000 1.000000000
  outer loop
   vertex 0.019663835 1.675712180 -0.285551189
   vertex 0.019663835 1.518262713 -0.285551189
   vertex -0.002828946 1.675712180 -0.285551189
  endloop
 endfacet
 facet normal -1.000000000 0.000000000 0.000000000
  outer loop
   vertex 0.019663835 1.675712180 -0.285551189
   vertex 0.019663835 1.675712180 -0.173087284
   vertex 0.019663835 1.518262713 -0.285551189
  endloop
 endfacet
 facet normal -0.031845018 0.999492819 0.000000000
  outer loop
   vertex -0.263152382 1.509251855 -0.075036467
   vertex 0.019663835 1.518262713 -0.285551189
   vertex 0.019663835 1.518262713 -0.150594503
  endloop
 endfacet
 facet normal 0.112511525 0.974751075 0.192876900
  outer loop
   vertex -0.263152382 1.509251855 -0.075036467
   vertex -0.250249537 1.518262713 -0.128101722
   vertex 0.019663835 1.518262713 -0.285551189
  endloop
 endfacet
 facet normal -0.046172359 0.997480014 -0.053867752
  outer loop
   vertex -0.263152382 1.509251855 -0.075036467
   vertex 0.019663835 1.518262713 -0.150594503
   vertex -0.137785632 1.518262713 -0.015637817
  endloop
 endfacet
 facet normal 0.000000000 -0.970142500 0.242535625
  outer loop
   vertex -0.025321727 1.698204960 -0.195580065
   vertex 0.019663835 1.675712180 -0.285551189
   vertex -0.002828946 1.675712180 -0.285551189
  endloop
 endfacet
 facet normal -0.447213595 -0.894427191 0.000000000
  outer loop
   vertex -0.025321727 1.698204960 -0.195580065
   vertex 0.019663835 1.675712180 -0.173087284
   vertex 0.019663835 1.675712180 -0.285551189
  endloop
 endfacet
 facet normal -0.666666667 -0.333333333 -0.666666667
  outer loop
   vertex -0.025321727 1.675712180 -0.128101722
   vertex -0.070307289 1.630726618 -0.060623379
   vertex 0.019663835 1.675712180 -0.173087284
  endloop
 endfacet
 facet normal -0.099503719 -0.796029752 -0.597022314
  outer loop
   vertex -0.025321727 1.675712180 -0.128101722
   vertex -0.115292851 1.653219399 -0.083116160
   vertex -0.070307289 1.630726618 -0.060623379
  endloop
 endfacet
 facet normal 0.078811041 -0.945732487 -0.315244162
  outer loop
   vertex -0.025321727 1.675712180 -0.128101722
   vertex -0.025321727 1.698204960 -0.195580065
   vertex -0.115292851 1.653219399 -0.083116160
  endloop
 endfacet
 facet normal -0.301511345 -0.904534034 -0.301511345
  outer loop
   vertex -0.025321727 1.675712180 -0.128101722
   vertex 0.019663835 1.675712180 -0.173087284
   vertex -0.025321727 1.698204960 -0.195580065
  endloop
 endfacet
 facet normal -0.000000000 -0.000000000 -1.000000000
  outer loop
   vertex -0.272742318 1.540755494 -0.015637817
   vertex -0.137785632 1.518262713 -0.015637817
   vertex -0.137785632 1.585741056 -0.015637817
  endloop
 endfacet
 facet normal 0.533396461 -0.779579443 0.328243976
  outer loop
   vertex -0.137785632 1.630726618 -0.173087284
   vertex -0.025321727 1.698204960 -0.195580065
   vertex -0.002828946 1.675712180 -0.285551189
  endloop
 endfacet
 facet normal 0.660782614 -0.409055904 0.629316776
  outer loop
   vertex -0.137785632 1.630726618 -0.173087284
   vertex -0.002828946 1.675712180 -0.285551189
   vertex -0.250249537 1.518262713 -0.128101722
  endloop
 endfacet
 facet normal 0.524637303 -0.847491028 0.080713431
  outer loop
   vertex -0.137785632 1.630726618 -0.173087284
   vertex -0.115292851 1.653219399 -0.083116160
   vertex -0.025321727 1.698204960 -0.195580065
  endloop
 endfacet
 facet normal -0.034609150 0.996344555 -0.078100802
  outer loop
   vertex -0.270212659 1.513521511 -0.017439134
   vertex -0.263152382 1.509251855 -0.075036467
   vertex -0.137785632 1.518262713 -0.015637817
  endloop
 endfacet
 facet normal 0.011171165 0.067026987 -0.997688623
  outer loop
   vertex -0.270212659 1.513521511 -0.017439134
   vertex -0.137785632 1.518262713 -0.015637817
   vertex -0.272742318 1.540755494 -0.015637817
  endloop
 endfacet
 facet normal -0.000000000 0.000000000 -1.000000000
  outer loop
   vertex -0.205263975 1.585741056 -0.015637817
   vertex -0.272742318 1.540755494 -0.015637817
   vertex -0.137785632 1.585741056 -0.015637817
  endloop
 endfacet
 facet normal -0.000000000 -0.707106781 -0.707106781
  outer loop
   vertex -0.205263975 1.585741056 -0.015637817
   vertex -0.137785632 1.585741056 -0.015637817
   vertex -0.115292851 1.653219399 -0.083116160
  endloop
 endfacet
 facet normal 0.552344771 -0.828517156 -0.092057462
  outer loop
   vertex -0.205263975 1.585741056 -0.015637817
   vertex -0.115292851 1.653219399 -0.083116160
   vertex -0.272742318 1.540755494 -0.015637817
  endloop
 endfacet
 facet normal 0.897275884 0.344076404 0.276599740
  outer loop
   vertex -0.272742318 1.540755494 -0.083116160
   vertex -0.250249537 1.518262713 -0.128101722
   vertex -0.263152382 1.509251855 -0.075036467
  endloop
 endfacet
 facet normal 0.995713802 0.092487969 0.000000000
  outer loop
   vertex -0.272742318 1.540755494 -0.083116160
   vertex -0.270212659 1.513521511 -0.017439134
   vertex -0.272742318 1.540755494 -0.015637817
  endloop
 endfacet
 facet normal 0.945647907 0.311665889 0.092813846
  outer loop
   vertex -0.272742318 1.540755494 -0.083116160
   vertex -0.263152382 1.509251855 -0.075036467
   vertex -0.270212659 1.513521511 -0.017439134
  endloop
 endfacet
 facet normal 0.683763459 -0.455842306 0.569802882
  outer loop
   vertex -0.272742318 1.540755494 -0.083116160
   vertex -0.137785632 1.630726618 -0.173087284
   vertex -0.250249537 1.518262713 -0.128101722
  endloop
 endfacet
 facet normal 0.581238194 -0.813733471 0.000000000
  outer loop
   vertex -0.272742318 1.540755494 -0.083116160
   vertex -0.272742318 1.540755494 -0.015637817
   vertex -0.115292851 1.653219399 -0.083116160
  endloop
 endfacet
 facet normal 0.580258853 -0.812362394 0.058025885
  outer loop
   vertex -0.272742318 1.540755494 -0.083116160
   vertex -0.115292851 1.653219399 -0.083116160
   vertex -0.137785632 1.630726618 -0.173087284
  endloop
 endfacet
endsolid app/meshes/bunny000
solid app/meshes/bunny001
 facet normal -0.960158717 -0.174574312 -0.218217890
  outer loop
   vertex -0.520162908 1.495769932 -0.330536751
   vertex -0.475177346 1.473277151 -0.510478998
   vertex -0.475177346 1.585741056 -0.600450122
  endloop
 endfacet
 facet normal -1.000000000 0.000000000 -0.000000000
  outer loop
   vertex -0.475177346 1.473277151 -0.667928465
   vertex -0.475177346 1.585741056 -0.600450122
   vertex -0.475177346 1.473277151 -0.510478998
  endloop
 endfacet
 facet normal -0.902744514 0.336676682 -0.267770714
  outer loop
   vertex -0.531005535 1.464918172 -0.332773538
   vertex -0.475177346 1.473277151 -0.510478998
   vertex -0.520162908 1.495769932 -0.330536751
  endloop
 endfacet
 facet normal -0.148076261 0.988975946 0.000000000
  outer loop
   vertex -0.531005535 1.464918172 -0.332773538
   vertex -0.475177346 1.473277151 -0.667928465
   vertex -0.475177346 1.473277151 -0.510478998
  endloop
 endfacet
 facet normal -0.000000000 0.000000000 1.000000000
  outer loop
   vertex -0.475177346 1.585741056 -0.667928465
   vertex -0.475177346 1.473277151 -0.667928465
   vertex -0.542655689 1.585741056 -0.667928465
  endloop
 endfacet
 facet normal -1.000000000 0.000000000 0.000000000
  outer loop
   vertex -0.475177346 1.585741056 -0.667928465
   vertex -0.475177346 1.585741056 -0.600450122
   vertex -0.475177346 1.473277151 -0.667928465
  endloop
 endfacet
 facet normal 0.006503758 0.999640395 0.026015033
  outer loop
   vertex -0.565148470 1.473277151 -0.645435684
   vertex -0.475177346 1.473277151 -0.667928465
   vertex -0.531005535 1.464918172 -0.332773538
  endloop
 endfacet
 facet normal 0.000000000 0.000000000 1.000000000
  outer loop
   vertex -0.542655689 1.495769932 -0.667928465
   vertex -0.542655689 1.585741056 -0.667928465
   vertex -0.475177346 1.473277151 -0.667928465
  endloop
 endfacet
 facet normal 0.196116135 0.588348405 0.784464541
  outer loop
   vertex -0.542655689 1.495769932 -0.667928465
   vertex -0.475177346 1.473277151 -0.667928465
   vertex -0.565148470 1.473277151 -0.645435684
  endloop
 endfacet
 facet normal 0.014185612 0.999582416 0.025174619
  outer loop
   vertex -0.679511807 1.468174252 -0.378377751
   vertex -0.565148470 1.473277151 -0.645435684
   vertex -0.531005535 1.464918172 -0.332773538
  endloop
 endfacet
 facet normal 0.079770246 0.995393680 0.053180164
  outer loop
   vertex -0.679511807 1.468174252 -0.378377751
   vertex -0.700105155 1.473277151 -0.443000655
   vertex -0.565148470 1.473277151 -0.645435684
  endloop
 endfacet
 facet normal -0.408248290 -0.816496581 -0.408248290
  outer loop
   vertex -0.497670127 1.608233837 -0.577957341
   vertex -0.565148470 1.630726618 -0.555464560
   vertex -0.520162908 1.495769932 -0.330536751
  endloop
 endfacet
 facet normal -0.808122036 -0.505076272 -0.303045763
  outer loop
   vertex -0.497670127 1.608233837 -0.577957341
   vertex -0.520162908 1.495769932 -0.330536751
   vertex -0.475177346 1.585741056 -0.600450122
  endloop
 endfacet
 facet normal -0.707106781 -0.707106781 0.000000000
  outer loop
   vertex -0.497670127 1.608233837 -0.577957341
   vertex -0.475177346 1.585741056 -0.600450122
   vertex -0.475177346 1.585741056 -0.667928465
  endloop
 endfacet
 facet normal 0.000000000 -0.707106781 0.707106781
  outer loop
   vertex -0.542655689 1.630726618 -0.622942903
   vertex -0.475177346 1.585741056 -0.667928465
   vertex -0.542655689 1.585741056 -0.667928465
  endloop
 endfacet
 facet normal -0.512614595 -0.854357658 0.085435766
  outer loop
   vertex -0.542655689 1.630726618 -0.622942903
   vertex -0.497670127 1.608233837 -0.577957341
   vertex -0.475177346 1.585741056 -0.667928465
  endloop
 endfacet
 facet normal -0.348742916 -0.929981110 -0.116247639
  outer loop
   vertex -0.542655689 1.630726618 -0.622942903
   vertex -0.565148470 1.630726618 -0.555464560
   vertex -0.497670127 1.608233837 -0.577957341
  endloop
 endfacet
 facet normal 0.026899610 -0.914586729 -0.403494145
  outer loop
   vertex -0.587641251 1.540755494 -0.353029531
   vertex -0.565148470 1.630726618 -0.555464560
   vertex -0.655119593 1.608233837 -0.510478998
  endloop
 endfacet
 facet normal -0.092057462 -0.552344771 -0.828517156
  outer loop
   vertex -0.587641251 1.540755494 -0.353029531
   vertex -0.655119593 1.518262713 -0.330536751
   vertex -0.520162908 1.495769932 -0.330536751
  endloop
 endfacet
 facet normal -0.408248290 -0.816496581 -0.408248290
  outer loop
   vertex -0.587641251 1.540755494 -0.353029531
   vertex -0.520162908 1.495769932 -0.330536751
   vertex -0.565148470 1.630726618 -0.555464560
  endloop
 endfacet
 facet normal 0.003927130 0.070937750 -0.997473014
  outer loop
   vertex -0.668916481 1.469263083 -0.333007505
   vertex -0.531005535 1.464918172 -0.332773538
   vertex -0.520162908 1.495769932 -0.330536751
  endloop
 endfacet
 facet normal 0.008017730 0.048106377 -0.998810038
  outer loop
   vertex -0.668916481 1.469263083 -0.333007505
   vertex -0.520162908 1.495769932 -0.330536751
   vertex -0.655119593 1.518262713 -0.330536751
  endloop
 endfacet
 facet normal 0.031527214 0.999011506 -0.031337607
  outer loop
   vertex -0.668916481 1.469263083 -0.333007505
   vertex -0.679511807 1.468174252 -0.378377751
   vertex -0.531005535 1.464918172 -0.332773538
  endloop
 endfacet
 facet normal 0.756372521 0.625437900 -0.191645619
  outer loop
   vertex -0.668916481 1.469263083 -0.333007505
   vertex -0.700105155 1.473277151 -0.443000655
   vertex -0.679511807 1.468174252 -0.378377751
  endloop
 endfacet
 facet normal 0.655610068 0.093658581 0.749268649
  outer loop
   vertex -0.677612374 1.540755494 -0.555464560
   vertex -0.542655689 1.495769932 -0.667928465
   vertex -0.565148470 1.473277151 -0.645435684
  endloop
 endfacet
 facet normal 0.698535473 0.543305368 0.465690315
  outer loop
   vertex -0.677612374 1.540755494 -0.555464560
   vertex -0.565148470 1.473277151 -0.645435684
   vertex -0.700105155 1.473277151 -0.443000655
  endloop
 endfacet
 facet normal 0.980580676 0.000000000 0.196116135
  outer loop
   vertex -0.677612374 1.540755494 -0.555464560
   vertex -0.700105155 1.473277151 -0.443000655
   vertex -0.677612374 1.585741056 -0.555464560
  endloop
 endfacet
 facet normal 0.554700196 -0.000000000 0.832050294
  outer loop
   vertex -0.610134032 1.608233837 -0.622942903
   vertex -0.542655689 1.585741056 -0.667928465
   vertex -0.542655689 1.495769932 -0.667928465
  endloop
 endfacet
 facet normal 0.707106781 0.000000000 0.707106781
  outer loop
   vertex -0.610134032 1.608233837 -0.622942903
   vertex -0.677612374 1.540755494 -0.555464560
   vertex -0.677612374 1.585741056 -0.555464560
  endloop
 endfacet
 facet normal 0.655610068 0.093658581 0.749268649
  outer loop
   vertex -0.610134032 1.608233837 -0.622942903
   vertex -0.542655689 1.495769932 -0.667928465
   vertex -0.677612374 1.540755494 -0.555464560
  endloop
 endfacet
 facet normal 0.990147543 -0.099014754 0.099014754
  outer loop
   vertex -0.700105155 1.518262713 -0.398015093
   vertex -0.677612374 1.585741056 -0.555464560
   vertex -0.700105155 1.473277151 -0.443000655
  endloop
 endfacet
 facet normal 0.814888416 -0.202055905 -0.543258944
  outer loop
   vertex -0.700105155 1.518262713 -0.398015093
   vertex -0.668916481 1.469263083 -0.333007505
   vertex -0.655119593 1.518262713 -0.330536751
  endloop
 endfacet
 facet normal 0.932635227 0.255138721 -0.255138721
  outer loop
   vertex -0.700105155 1.518262713 -0.398015093
   vertex -0.700105155 1.473277151 -0.443000655
   vertex -0.668916481 1.469263083 -0.333007505
  endloop
 endfacet
 facet normal 0.209019904 -0.975426220 -0.069673301
  outer loop
   vertex -0.587641251 1.630726618 -0.622942903
   vertex -0.655119593 1.608233837 -0.510478998
   vertex -0.565148470 1.630726618 -0.555464560
  endloop
 endfacet
 facet normal -0.000000000 -1.000000000 0.000000000
  outer loop
   vertex -0.587641251 1.630726618 -0.622942903
   vertex -0.565148470 1.630726618 -0.555464560
   vertex -0.542655689 1.630726618 -0.622942903
  endloop
 endfacet
 facet normal 0.000000000 -0.707106781 0.707106781
  outer loop
   vertex -0.587641251 1.630726618 -0.622942903
   vertex -0.542655689 1.630726618 -0.622942903
   vertex -0.542655689 1.585741056 -0.667928465
  endloop
 endfacet
 facet normal 0.408248290 -0.408248290 0.816496581
  outer loop
   vertex -0.587641251 1.630726618 -0.622942903
   vertex -0.542655689 1.585741056 -0.667928465
   vertex -0.610134032 1.608233837 -0.622942903
  endloop
 endfacet
 facet normal 0.639602149 -0.639602149 0.426401433
  outer loop
   vertex -0.587641251 1.630726618 -0.622942903
   vertex -0.610134032 1.608233837 -0.622942903
   vertex -0.677612374 1.585741056 -0.555464560
  endloop
 endfacet
 facet normal 0.530668631 -0.833907848 0.151619609
  outer loop
   vertex -0.587641251 1.630726618 -0.622942903
   vertex -0.677612374 1.585741056 -0.555464560
   vertex -0.655119593 1.608233837 -0.510478998
  endloop
 endfacet
 facet normal 0.069673301 -0.905752919 -0.418039809
  outer loop
   vertex -0.677612374 1.585741056 -0.465493436
   vertex -0.587641251 1.540755494 -0.353029531
   vertex -0.655119593 1.608233837 -0.510478998
  endloop
 endfacet
 facet normal 0.138379681 -0.876404648 -0.461265604
  outer loop
   vertex -0.677612374 1.585741056 -0.465493436
   vertex -0.655119593 1.518262713 -0.330536751
   vertex -0.587641251 1.540755494 -0.353029531
  endloop
 endfacet
 facet normal 0.639602149 -0.639602149 -0.426401433
  outer loop
   vertex -0.677612374 1.585741056 -0.465493436
   vertex -0.700105155 1.518262713 -0.398015093
   vertex -0.655119593 1.518262713 -0.330536751
  endloop
 endfacet
 facet normal 0.707106781 -0.707106781 0.000000000
  outer loop
   vertex -0.677612374 1.585741056 -0.465493436
   vertex -0.655119593 1.608233837 -0.510478998
   vertex -0.677612374 1.585741056 -0.555464560
  endloop
 endfacet
 facet normal 0.948683298 -0.316227766 0.000000000
  outer loop
   vertex -0.677612374 1.585741056 -0.465493436
   vertex -0.677612374 1.585741056 -0.555464560
   vertex -0.700105155 1.518262713 -0.398015093
  endloop
 endfacet
endsolid app/meshes/bunny001
solid app/meshes/bunny002
 facet normal -0.240973510 0.000000000 -0.970531693
  outer loop
   vertex -0.137785632 0.236174200 -0.128101722
   vertex -0.167830681 0.236779508 -0.120641831
   vertex -0.137785632 0.033739171 -0.128101722
  endloop
 endfacet
 facet normal -0.996693467 0.000000000 -0.081253514
  outer loop
   vertex -0.137785632 0.236174200 -0.128101722
   vertex -0.137785632 0.033739171 -0.128101722
   vertex -0.128988890 0.236417983 -0.236006662
  endloop
 endfacet
 facet normal -0.021130570 -0.999768797 -0.003981344
  outer loop
   vertex -0.137785632 0.236174200 -0.128101722
   vertex -0.128988890 0.236417983 -0.236006662
   vertex -0.167830681 0.236779508 -0.120641831
  endloop
 endfacet
 facet normal -0.093446513 0.022742801 -0.995364513
  outer loop
   vertex -0.333512989 0.096222063 -0.108298851
   vertex -0.137785632 0.033739171 -0.128101722
   vertex -0.167830681 0.236779508 -0.120641831
  endloop
 endfacet
 facet normal -0.999369804 0.035496420 0.000000000
  outer loop
   vertex -0.137785632 -0.011246390 -0.195580065
   vertex -0.137785632 -0.011246390 -0.330536751
   vertex -0.128988890 0.236417983 -0.236006662
  endloop
 endfacet
 facet normal -0.999259743 0.032009236 -0.021339491
  outer loop
   vertex -0.137785632 -0.011246390 -0.195580065
   vertex -0.128988890 0.236417983 -0.236006662
   vertex -0.137785632 0.033739171 -0.128101722
  endloop
 endfacet
 facet normal 0.000000000 1.000000000 0.000000000
  outer loop
   vertex -0.317727879 -0.011246390 -0.263058408
   vertex -0.137785632 -0.011246390 -0.330536751
   vertex -0.137785632 -0.011246390 -0.195580065
  endloop
 endfacet
 facet normal 0.006991344 -0.999960503 0.005487528
  outer loop
   vertex -0.160278413 0.236174200 -0.240565627
   vertex -0.167830681 0.236779508 -0.120641831
   vertex -0.128988890 0.236417983 -0.236006662
  endloop
 endfacet
 facet normal 0.115470054 -0.577350269 0.808290377
  outer loop
   vertex -0.160278413 0.236174200 -0.240565627
   vertex -0.137785632 0.146203076 -0.308043970
   vertex -0.205263975 0.101217514 -0.330536751
  endloop
 endfacet
 facet normal -0.109147631 -0.613735116 0.781930944
  outer loop
   vertex -0.160278413 0.236174200 -0.240565627
   vertex -0.128988890 0.236417983 -0.236006662
   vertex -0.137785632 0.146203076 -0.308043970
  endloop
 endfacet
 facet normal -0.000630855 0.180615493 -0.983553580
  outer loop
   vertex -0.227756756 -0.011246390 -0.128101722
   vertex -0.333512989 0.096222063 -0.108298851
   vertex -0.339292362 0.003989685 -0.125232296
  endloop
 endfacet
 facet normal -0.061169855 0.122339709 -0.990601456
  outer loop
   vertex -0.227756756 -0.011246390 -0.128101722
   vertex -0.137785632 0.033739171 -0.128101722
   vertex -0.333512989 0.096222063 -0.108298851
  endloop
 endfacet
 facet normal -0.384110640 0.768221280 -0.512147520
  outer loop
   vertex -0.227756756 -0.011246390 -0.128101722
   vertex -0.137785632 -0.011246390 -0.195580065
   vertex -0.137785632 0.033739171 -0.128101722
  endloop
 endfacet
 facet normal 0.000000000 1.000000000 -0.000000000
  outer loop
   vertex -0.227756756 -0.011246390 -0.128101722
   vertex -0.317727879 -0.011246390 -0.263058408
   vertex -0.137785632 -0.011246390 -0.195580065
  endloop
 endfacet
 facet normal 0.132583462 0.987222880 -0.088388974
  outer loop
   vertex -0.227756756 -0.011246390 -0.128101722
   vertex -0.339292362 0.003989685 -0.125232296
   vertex -0.317727879 -0.011246390 -0.263058408
  endloop
 endfacet
 facet normal 0.253828395 -0.377406573 -0.890581509
  outer loop
   vertex -0.295235098 0.168695857 -0.128101722
   vertex -0.333512989 0.096222063 -0.108298851
   vertex -0.167830681 0.236779508 -0.120641831
  endloop
 endfacet
 facet normal 0.807529236 -0.508274903 -0.299254333
  outer loop
   vertex -0.295235098 0.168695857 -0.128101722
   vertex -0.317727879 0.146203076 -0.150594503
   vertex -0.333512989 0.096222063 -0.108298851
  endloop
 endfacet
 facet normal 0.574366527 -0.789753974 0.215387448
  outer loop
   vertex -0.295235098 0.168695857 -0.128101722
   vertex -0.160278413 0.236174200 -0.240565627
   vertex -0.317727879 0.146203076 -0.150594503
  endloop
 endfacet
 facet normal -0.000000000 0.000000000 1.000000000
  outer loop
   vertex -0.137785632 0.078724733 -0.330536751
   vertex -0.137785632 -0.011246390 -0.330536751
   vertex -0.205263975 0.101217514 -0.330536751
  endloop
 endfacet
 facet normal -0.104828484 -0.314485451 0.943456353
  outer loop
   vertex -0.137785632 0.078724733 -0.330536751
   vertex -0.205263975 0.101217514 -0.330536751
   vertex -0.137785632 0.146203076 -0.308043970
  endloop
 endfacet
 facet normal -0.976448108 -0.068226895 0.204680684
  outer loop
   vertex -0.137785632 0.078724733 -0.330536751
   vertex -0.137785632 0.146203076 -0.308043970
   vertex -0.128988890 0.236417983 -0.236006662
  endloop
 endfacet
 facet normal -0.995698062 0.000000000 0.092657263
  outer loop
   vertex -0.137785632 0.078724733 -0.330536751
   vertex -0.128988890 0.236417983 -0.236006662
   vertex -0.137785632 -0.011246390 -0.330536751
  endloop
 endfacet
 facet normal 0.000000000 0.000000000 1.000000000
  outer loop
   vertex -0.250249537 -0.011246390 -0.330536751
   vertex -0.205263975 0.101217514 -0.330536751
   vertex -0.137785632 -0.011246390 -0.330536751
  endloop
 endfacet
 facet normal 0.000000000 1.000000000 0.000000000
  outer loop
   vertex -0.250249537 -0.011246390 -0.330536751
   vertex -0.137785632 -0.011246390 -0.330536751
   vertex -0.317727879 -0.011246390 -0.263058408
  endloop
 endfacet
 facet normal 0.355334527 -0.142133811 0.923869771
  outer loop
   vertex -0.272742318 0.078724733 -0.308043970
   vertex -0.205263975 0.101217514 -0.330536751
   vertex -0.250249537 -0.011246390 -0.330536751
  endloop
 endfacet
 facet normal 0.425628265 -0.595879572 0.681005225
  outer loop
   vertex -0.272742318 0.078724733 -0.308043970
   vertex -0.160278413 0.236174200 -0.240565627
   vertex -0.205263975 0.101217514 -0.330536751
  endloop
 endfacet
 facet normal 0.961974222 -0.270244442 0.039667849
  outer loop
   vertex -0.340220660 0.056231952 -0.218072846
   vertex -0.333512989 0.096222063 -0.108298851
   vertex -0.317727879 0.146203076 -0.150594503
  endloop
 endfacet
 facet normal 0.963229556 0.238155659 0.124381289
  outer loop
   vertex -0.340220660 0.056231952 -0.218072846
   vertex -0.317727879 -0.011246390 -0.263058408
   vertex -0.339292362 0.003989685 -0.125232296
  endloop
 endfacet
 facet normal 0.997647327 -0.055000050 -0.040924377
  outer loop
   vertex -0.340220660 0.056231952 -0.218072846
   vertex -0.339292362 0.003989685 -0.125232296
   vertex -0.333512989 0.096222063 -0.108298851
  endloop
 endfacet
 facet normal 0.469929518 -0.855586635 -0.217112315
  outer loop
   vertex -0.182771194 0.236174200 -0.150594503
   vertex -0.295235098 0.168695857 -0.128101722
   vertex -0.167830681 0.236779508 -0.120641831
  endloop
 endfacet
 facet normal 0.026977712 -0.999613283 0.006744428
  outer loop
   vertex -0.182771194 0.236174200 -0.150594503
   vertex -0.167830681 0.236779508 -0.120641831
   vertex -0.160278413 0.236174200 -0.240565627
  endloop
 endfacet
 facet normal 0.529297310 -0.838054074 0.132324327
  outer loop
   vertex -0.182771194 0.236174200 -0.150594503
   vertex -0.160278413 0.236174200 -0.240565627
   vertex -0.295235098 0.168695857 -0.128101722
  endloop
 endfacet
 facet normal 0.596284794 -0.745355992 0.298142397
  outer loop
   vertex -0.272742318 0.146203076 -0.240565627
   vertex -0.317727879 0.146203076 -0.150594503
   vertex -0.160278413 0.236174200 -0.240565627
  endloop
 endfacet
 facet normal 0.492365964 -0.615457455 0.615457455
  outer loop
   vertex -0.272742318 0.146203076 -0.240565627
   vertex -0.160278413 0.236174200 -0.240565627
   vertex -0.272742318 0.078724733 -0.308043970
  endloop
 endfacet
 facet normal 0.780720058 -0.487950036 0.390360029
  outer loop
   vertex -0.272742318 0.146203076 -0.240565627
   vertex -0.340220660 0.056231952 -0.218072846
   vertex -0.317727879 0.146203076 -0.150594503
  endloop
 endfacet
 facet normal 0.894427191 -0.000000000 0.447213595
  outer loop
   vertex -0.317727879 0.056231952 -0.263058408
   vertex -0.317727879 -0.011246390 -0.263058408
   vertex -0.340220660 0.056231952 -0.218072846
  endloop
 endfacet
 facet normal 0.707106781 -0.000000000 0.707106781
  outer loop
   vertex -0.317727879 0.056231952 -0.263058408
   vertex -0.272742318 0.078724733 -0.308043970
   vertex -0.250249537 -0.011246390 -0.330536751
  endloop
 endfacet
 facet normal 0.707106781 0.000000000 0.707106781
  outer loop
   vertex -0.317727879 0.056231952 -0.263058408
   vertex -0.250249537 -0.011246390 -0.330536751
   vertex -0.317727879 -0.011246390 -0.263058408
  endloop
 endfacet
 facet normal 0.727606875 -0.485071250 0.485071250
  outer loop
   vertex -0.317727879 0.056231952 -0.263058408
   vertex -0.272742318 0.146203076 -0.240565627
   vertex -0.272742318 0.078724733 -0.308043970
  endloop
 endfacet
 facet normal 0.780720058 -0.487950036 0.390360029
  outer loop
   vertex -0.317727879 0.056231952 -0.263058408
   vertex -0.340220660 0.056231952 -0.218072846
   vertex -0.272742318 0.146203076 -0.240565627
  endloop
 endfacet
endsolid app/meshes/bunny002
solid app/meshes/bunny003
 facet normal -0.002919625 -0.017330623 -0.999845551
  outer loop
   vertex -0.137789103 0.057964123 -0.128061846
   vertex 0.019663835 0.033739171 -0.128101722
   vertex 0.020165374 0.060525328 -0.128567479
  endloop
 endfacet
 facet normal -0.053313143 -0.079969714 0.995370561
  outer loop
   vertex 0.020554296 0.237953912 -0.349224638
   vertex 0.019663835 0.191188638 -0.353029531
   vertex -0.047814508 0.236174200 -0.353029531
  endloop
 endfacet
 facet normal -0.999991299 0.003930414 0.001397869
  outer loop
   vertex 0.019663835 -0.011246390 -0.285551189
   vertex 0.020554296 0.237953912 -0.349224638
   vertex 0.020165374 0.060525328 -0.128567479
  endloop
 endfacet
 facet normal -0.998830794 0.015287394 0.045862182
  outer loop
   vertex 0.019663835 -0.011246390 -0.285551189
   vertex 0.019663835 0.191188638 -0.353029531
   vertex 0.020554296 0.237953912 -0.349224638
  endloop
 endfacet
 facet normal 0.002956387 -0.366043765 -0.930592941
  outer loop
   vertex -0.144833688 0.235828919 -0.198046394
   vertex -0.137789103 0.057964123 -0.128061846
   vertex 0.020165374 0.060525328 -0.128567479
  endloop
 endfacet
 facet normal -0.490818759 -0.678561097 -0.546490424
  outer loop
   vertex -0.144833688 0.235828919 -0.198046394
   vertex 0.020165374 0.060525328 -0.128567479
   vertex 0.020554296 0.237953912 -0.349224638
  endloop
 endfacet
 facet normal -0.999975585 0.006987813 0.000000000
  outer loop
   vertex 0.019663835 -0.011246390 -0.173087284
   vertex 0.019663835 -0.011246390 -0.285551189
   vertex 0.020165374 0.060525328 -0.128567479
  endloop
 endfacet
 facet normal -0.999661471 0.018397601 -0.018397601
  outer loop
   vertex 0.019663835 -0.011246390 -0.173087284
   vertex 0.020165374 0.060525328 -0.128567479
   vertex 0.019663835 0.033739171 -0.128101722
  endloop
 endfacet
 facet normal 0.095090641 0.142635961 0.985196809
  outer loop
   vertex -0.142717196 0.018040339 -0.312288342
   vertex -0.047814508 0.236174200 -0.353029531
   vertex 0.019663835 0.191188638 -0.353029531
  endloop
 endfacet
 facet normal -0.098688867 0.314684049 0.944052147
  outer loop
   vertex -0.142717196 0.018040339 -0.312288342
   vertex 0.019663835 0.191188638 -0.353029531
   vertex 0.019663835 -0.011246390 -0.285551189
  endloop
 endfacet
 facet normal 0.999112183 0.026772326 -0.032528279
  outer loop
   vertex -0.142717196 0.018040339 -0.312288342
   vertex -0.137789103 0.057964123 -0.128061846
   vertex -0.144833688 0.235828919 -0.198046394
  endloop
 endfacet
 facet normal -0.075395814 -0.992479795 -0.096433022
  outer loop
   vertex -0.120311306 0.239719438 -0.257260000
   vertex -0.144833688 0.235828919 -0.198046394
   vertex 0.020554296 0.237953912 -0.349224638
  endloop
 endfacet
 facet normal 0.022961804 -0.998258667 0.054335884
  outer loop
   vertex -0.120311306 0.239719438 -0.257260000
   vertex 0.020554296 0.237953912 -0.349224638
   vertex -0.047814508 0.236174200 -0.353029531
  endloop
 endfacet
 facet normal 0.000000000 0.707106781 -0.707106781
  outer loop
   vertex -0.115292851 0.033739171 -0.128101722
   vertex 0.019663835 -0.011246390 -0.173087284
   vertex 0.019663835 0.033739171 -0.128101722
  endloop
 endfacet
 facet normal 0.000000000 0.001646074 -0.999998645
  outer loop
   vertex -0.115292851 0.033739171 -0.128101722
   vertex 0.019663835 0.033739171 -0.128101722
   vertex -0.137789103 0.057964123 -0.128061846
  endloop
 endfacet
 facet normal 0.000000000 1.000000000 0.000000000
  outer loop
   vertex -0.137785632 -0.011246390 -0.195580065
   vertex 0.019663835 -0.011246390 -0.285551189
   vertex 0.019663835 -0.011246390 -0.173087284
  endloop
 endfacet
 facet normal 0.081649658 0.816496581 -0.571547607
  outer loop
   vertex -0.137785632 -0.011246390 -0.195580065
   vertex 0.019663835 -0.011246390 -0.173087284
   vertex -0.115292851 0.033739171 -0.128101722
  endloop
 endfacet
 facet normal 0.600365186 0.558465214 -0.572431872
  outer loop
   vertex -0.137785632 -0.011246390 -0.195580065
   vertex -0.115292851 0.033739171 -0.128101722
   vertex -0.137789103 0.057964123 -0.128061846
  endloop
 endfacet
 facet normal 0.998876439 0.033118517 -0.033897257
  outer loop
   vertex -0.137785632 -0.011246390 -0.195580065
   vertex -0.137789103 0.057964123 -0.128061846
   vertex -0.142717196 0.018040339 -0.312288342
  endloop
 endfacet
 facet normal 0.958244560 -0.125472619 0.256951329
  outer loop
   vertex -0.115292851 0.236174200 -0.308043970
   vertex -0.142717196 0.018040339 -0.312288342
   vertex -0.144833688 0.235828919 -0.198046394
  endloop
 endfacet
 facet normal 0.392766552 -0.913895594 0.102612279
  outer loop
   vertex -0.115292851 0.236174200 -0.308043970
   vertex -0.144833688 0.235828919 -0.198046394
   vertex -0.120311306 0.239719438 -0.257260000
  endloop
 endfacet
 facet normal 0.049622653 -0.995990550 0.074433979
  outer loop
   vertex -0.115292851 0.236174200 -0.308043970
   vertex -0.120311306 0.239719438 -0.257260000
   vertex -0.047814508 0.236174200 -0.353029531
  endloop
 endfacet
 facet normal 0.552663616 -0.085612581 0.828995424
  outer loop
   vertex -0.115292851 0.236174200 -0.308043970
   vertex -0.047814508 0.236174200 -0.353029531
   vertex -0.142717196 0.018040339 -0.312288342
  endloop
 endfacet
 facet normal 0.996865865 0.075650649 -0.023139303
  outer loop
   vertex -0.141566950 0.006824638 -0.299402634
   vertex -0.137785632 -0.011246390 -0.195580065
   vertex -0.142717196 0.018040339 -0.312288342
  endloop
 endfacet
 facet normal 0.028392278 0.755243842 0.654828694
  outer loop
   vertex -0.141566950 0.006824638 -0.299402634
   vertex -0.142717196 0.018040339 -0.312288342
   vertex 0.019663835 -0.011246390 -0.285551189
  endloop
 endfacet
 facet normal 0.095607108 0.981257269 0.167312439
  outer loop
   vertex -0.141566950 0.006824638 -0.299402634
   vertex 0.019663835 -0.011246390 -0.285551189
   vertex -0.137785632 -0.011246390 -0.195580065
  endloop
 endfacet
endsolid app/meshes/bunny003
solid app/meshes/bunny004
 facet normal -0.996966798 0.066962003 -0.039664761
  outer loop
   vertex -0.340235713 0.012587883 0.366712776
   vertex -0.327478944 0.236799845 0.424588000
   vertex -0.344898949 0.028385029 0.510591099
  endloop
 endfacet
 facet normal -0.996410160 0.057733136 -0.061916704
  outer loop
   vertex -0.340220660 0.123710295 0.524188925
   vertex -0.344898949 0.028385029 0.510591099
   vertex -0.327478944 0.236799845 0.424588000
  endloop
 endfacet
 facet normal -0.120639098 0.986334772 -0.112204835
  outer loop
   vertex -0.497670127 0.011246390 0.524188925
   vertex -0.340235713 0.012587883 0.366712776
   vertex -0.344898949 0.028385029 0.510591099
  endloop
 endfacet
 facet normal -0.976591258 0.000040080 0.215103495
  outer loop
   vertex -0.340220660 0.236174200 0.366739458
   vertex -0.327478944 0.236799845 0.424588000
   vertex -0.340235713 0.012587883 0.366712776
  endloop
 endfacet
 facet normal -0.240771706 -0.120385853 -0.963086825
  outer loop
   vertex -0.385206222 0.033739171 0.546681706
   vertex -0.340220660 0.123710295 0.524188925
   vertex -0.407699003 0.078724733 0.546681706
  endloop
 endfacet
 facet normal -0.650367337 0.138460088 -0.746894324
  outer loop
   vertex -0.385206222 0.033739171 0.546681706
   vertex -0.344898949 0.028385029 0.510591099
   vertex -0.340220660 0.123710295 0.524188925
  endloop
 endfacet
 facet normal -0.132049639 0.948427847 -0.288179652
  outer loop
   vertex -0.385206222 0.033739171 0.546681706
   vertex -0.497670127 0.011246390 0.524188925
   vertex -0.344898949 0.028385029 0.510591099
  endloop
 endfacet
 facet normal 0.178174161 0.089087081 -0.979957887
  outer loop
   vertex -0.385206222 0.033739171 0.546681706
   vertex -0.407699003 0.078724733 0.546681706
   vertex -0.497670127 0.011246390 0.524188925
  endloop
 endfacet
 facet normal 0.014625544 -0.661791766 -0.749545030
  outer loop
   vertex -0.475177346 0.146203076 0.501696144
   vertex -0.340220660 0.123710295 0.524188925
   vertex -0.327478944 0.236799845 0.424588000
  endloop
 endfacet
 facet normal 0.057073015 -0.513657131 -0.856095218
  outer loop
   vertex -0.475177346 0.146203076 0.501696144
   vertex -0.407699003 0.078724733 0.546681706
   vertex -0.340220660 0.123710295 0.524188925
  endloop
 endfacet
 facet normal 0.399224776 -0.877373259 -0.266149851
  outer loop
   vertex -0.475177346 0.146203076 0.501696144
   vertex -0.327478944 0.236799845 0.424588000
   vertex -0.520162908 0.146203076 0.434217801
  endloop
 endfacet
 facet normal 0.683763459 -0.569802882 -0.455842306
  outer loop
   vertex -0.542655689 0.101217514 0.456710582
   vertex -0.475177346 0.146203076 0.501696144
   vertex -0.520162908 0.146203076 0.434217801
  endloop
 endfacet
 facet normal -0.627554711 -0.000050662 0.778572464
  outer loop
   vertex -0.452355729 0.008718205 0.276340148
   vertex -0.340220660 0.236174200 0.366739458
   vertex -0.340235713 0.012587883 0.366712776
  endloop
 endfacet
 facet normal -0.022906441 0.999634119 -0.014384787
  outer loop
   vertex -0.452355729 0.008718205 0.276340148
   vertex -0.340235713 0.012587883 0.366712776
   vertex -0.497670127 0.011246390 0.524188925
  endloop
 endfacet
 facet normal 0.407403030 -0.888791642 -0.209933772
  outer loop
   vertex -0.370116091 0.231853864 0.362784910
   vertex -0.520162908 0.146203076 0.434217801
   vertex -0.327478944 0.236799845 0.424588000
  endloop
 endfacet
 facet normal 0.145769931 -0.989086819 -0.021410076
  outer loop
   vertex -0.370116091 0.231853864 0.362784910
   vertex -0.327478944 0.236799845 0.424588000
   vertex -0.340220660 0.236174200 0.366739458
  endloop
 endfacet
 facet normal -0.016547366 -0.610381480 0.791934741
  outer loop
   vertex -0.370116091 0.231853864 0.362784910
   vertex -0.340220660 0.236174200 0.366739458
   vertex -0.497670127 0.123710295 0.276768335
  endloop
 endfacet
 facet normal 0.518475847 -0.207390339 0.829561356
  outer loop
   vertex -0.542655689 0.101217514 0.299261116
   vertex -0.497670127 0.123710295 0.276768335
   vertex -0.542655689 0.011246390 0.276768335
  endloop
 endfacet
 facet normal 0.527803589 -0.814395733 0.241211445
  outer loop
   vertex -0.542655689 0.101217514 0.299261116
   vertex -0.370116091 0.231853864 0.362784910
   vertex -0.497670127 0.123710295 0.276768335
  endloop
 endfacet
 facet normal 0.550846891 -0.814996283 0.179857613
  outer loop
   vertex -0.542655689 0.101217514 0.299261116
   vertex -0.520162908 0.146203076 0.434217801
   vertex -0.370116091 0.231853864 0.362784910
  endloop
 endfacet
 facet normal 0.894427191 -0.447213595 0.000000000
  outer loop
   vertex -0.542655689 0.101217514 0.299261116
   vertex -0.542655689 0.101217514 0.456710582
   vertex -0.520162908 0.146203076 0.434217801
  endloop
 endfacet
 facet normal 0.242535625 0.000000000 -0.970142500
  outer loop
   vertex -0.497670127 0.078724733 0.524188925
   vertex -0.497670127 0.011246390 0.524188925
   vertex -0.407699003 0.078724733 0.546681706
  endloop
 endfacet
 facet normal 0.224859507 -0.374765844 -0.899438027
  outer loop
   vertex -0.497670127 0.078724733 0.524188925
   vertex -0.407699003 0.078724733 0.546681706
   vertex -0.475177346 0.146203076 0.501696144
  endloop
 endfacet
 facet normal 0.681005225 -0.425628265 -0.595879572
  outer loop
   vertex -0.497670127 0.078724733 0.524188925
   vertex -0.475177346 0.146203076 0.501696144
   vertex -0.542655689 0.101217514 0.456710582
  endloop
 endfacet
 facet normal 0.945732487 -0.078811041 -0.315244162
  outer loop
   vertex -0.542655689 0.011246390 0.479203363
   vertex -0.542655689 0.101217514 0.456710582
   vertex -0.565148470 0.011246390 0.411725020
  endloop
 endfacet
 facet normal 0.800132264 -0.145478593 -0.581914374
  outer loop
   vertex -0.542655689 0.011246390 0.479203363
   vertex -0.497670127 0.078724733 0.524188925
   vertex -0.542655689 0.101217514 0.456710582
  endloop
 endfacet
 facet normal 0.707106781 0.000000000 -0.707106781
  outer loop
   vertex -0.542655689 0.011246390 0.479203363
   vertex -0.497670127 0.011246390 0.524188925
   vertex -0.497670127 0.078724733 0.524188925
  endloop
 endfacet
 facet normal 0.008623174 0.999925638 -0.008623174
  outer loop
   vertex -0.542655689 0.011246390 0.479203363
   vertex -0.452355729 0.008718205 0.276340148
   vertex -0.497670127 0.011246390 0.524188925
  endloop
 endfacet
 facet normal 0.016006895 0.999857645 -0.005335632
  outer loop
   vertex -0.542655689 0.011246390 0.479203363
   vertex -0.565148470 0.011246390 0.411725020
   vertex -0.452355729 0.008718205 0.276340148
  endloop
 endfacet
 facet normal -0.099219244 -0.042800684 0.994144679
  outer loop
   vertex -0.446994915 0.115975715 0.281492909
   vertex -0.452355729 0.008718205 0.276340148
   vertex -0.497670127 0.123710295 0.276768335
  endloop
 endfacet
 facet normal -0.153514999 -0.477272694 0.865242117
  outer loop
   vertex -0.446994915 0.115975715 0.281492909
   vertex -0.497670127 0.123710295 0.276768335
   vertex -0.340220660 0.236174200 0.366739458
  endloop
 endfacet
 facet normal -0.619243498 -0.006770095 0.785169826
  outer loop
   vertex -0.446994915 0.115975715 0.281492909
   vertex -0.340220660 0.236174200 0.366739458
   vertex -0.452355729 0.008718205 0.276340148
  endloop
 endfacet
 facet normal 0.006870532 -0.002748213 0.999972621
  outer loop
   vertex -0.491868611 0.009370608 0.276414236
   vertex -0.542655689 0.011246390 0.276768335
   vertex -0.497670127 0.123710295 0.276768335
  endloop
 endfacet
 facet normal 0.001825421 -0.003004264 0.999993821
  outer loop
   vertex -0.491868611 0.009370608 0.276414236
   vertex -0.497670127 0.123710295 0.276768335
   vertex -0.452355729 0.008718205 0.276340148
  endloop
 endfacet
 facet normal 0.016499466 0.999851744 -0.004925147
  outer loop
   vertex -0.491868611 0.009370608 0.276414236
   vertex -0.452355729 0.008718205 0.276340148
   vertex -0.565148470 0.011246390 0.411725020
  endloop
 endfacet
 facet normal 0.036951254 0.999298092 0.006158542
  outer loop
   vertex -0.491868611 0.009370608 0.276414236
   vertex -0.565148470 0.011246390 0.411725020
   vertex -0.542655689 0.011246390 0.276768335
  endloop
 endfacet
 facet normal 0.924500327 -0.092450033 0.369800131
  outer loop
   vertex -0.565148470 0.056231952 0.344246677
   vertex -0.542655689 0.101217514 0.299261116
   vertex -0.542655689 0.011246390 0.276768335
  endloop
 endfacet
 facet normal 0.957704261 0.239426065 0.159617377
  outer loop
   vertex -0.565148470 0.056231952 0.344246677
   vertex -0.542655689 0.011246390 0.276768335
   vertex -0.565148470 0.011246390 0.411725020
  endloop
 endfacet
 facet normal 0.975537217 -0.182913228 -0.121942152
  outer loop
   vertex -0.565148470 0.056231952 0.344246677
   vertex -0.565148470 0.011246390 0.411725020
   vertex -0.542655689 0.101217514 0.456710582
  endloop
 endfacet
 facet normal 0.894427191 -0.447213595 0.000000000
  outer loop
   vertex -0.565148470 0.056231952 0.344246677
   vertex -0.542655689 0.101217514 0.456710582
   vertex -0.542655689 0.101217514 0.299261116
  endloop
 endfacet
endsolid app/meshes/bunny004
solid app/meshes/bunny005
 facet normal -0.996524652 0.040945283 -0.072540349
  outer loop
   vertex 0.158336877 0.016860457 0.446796893
   vertex 0.155602048 0.237020043 0.608635390
   vertex 0.152462374 0.030239037 0.535049527
  endloop
 endfacet
 facet normal -0.997159918 -0.052255130 0.054235588
  outer loop
   vertex 0.158336877 0.016860457 0.446796893
   vertex 0.153648381 0.066394487 0.408320809
   vertex 0.155602048 0.237020043 0.608635390
  endloop
 endfacet
 facet normal -0.885131705 0.167884584 -0.434000728
  outer loop
   vertex 0.132127739 0.011246390 0.569174487
   vertex 0.152462374 0.030239037 0.535049527
   vertex 0.155602048 0.237020043 0.608635390
  endloop
 endfacet
 facet normal -0.792786943 0.592581737 -0.142603463
  outer loop
   vertex 0.132127739 0.011246390 0.569174487
   vertex 0.158336877 0.016860457 0.446796893
   vertex 0.152462374 0.030239037 0.535049527
  endloop
 endfacet
 facet normal -0.731540392 -0.515492139 0.446224729
  outer loop
   vertex 0.132127739 0.236174200 0.569174487
   vertex 0.155602048 0.237020043 0.608635390
   vertex 0.153648381 0.066394487 0.408320809
  endloop
 endfacet
 facet normal -0.437191212 -0.647139905 0.624558875
  outer loop
   vertex 0.132127739 0.236174200 0.569174487
   vertex 0.153648381 0.066394487 0.408320809
   vertex -0.092800070 0.236174200 0.411725020
  endloop
 endfacet
 facet normal -0.012044433 -0.037518611 0.999223341
  outer loop
   vertex -0.110189973 0.058938238 0.404860590
   vertex -0.092800070 0.236174200 0.411725020
   vertex 0.153648381 0.066394487 0.408320809
  endloop
 endfacet
 facet normal 0.125499401 -0.050687715 0.990797989
  outer loop
   vertex -0.110189973 0.058938238 0.404860590
   vertex -0.137959136 0.235578809 0.417414633
   vertex -0.092800070 0.236174200 0.411725020
  endloop
 endfacet
 facet normal -0.027653463 0.611571586 0.790705685
  outer loop
   vertex -0.110189973 0.058938238 0.404860590
   vertex 0.153648381 0.066394487 0.408320809
   vertex 0.158336877 0.016860457 0.446796893
  endloop
 endfacet
 facet normal 0.016484647 -0.999519601 0.026245435
  outer loop
   vertex 0.027092849 0.242404804 0.573704371
   vertex -0.092800070 0.236174200 0.411725020
   vertex -0.137959136 0.235578809 0.417414633
  endloop
 endfacet
 facet normal -0.055613399 -0.995286497 0.079447712
  outer loop
   vertex 0.027092849 0.242404804 0.573704371
   vertex 0.132127739 0.236174200 0.569174487
   vertex -0.092800070 0.236174200 0.411725020
  endloop
 endfacet
 facet normal -0.056755767 -0.996864798 0.055130366
  outer loop
   vertex 0.027092849 0.242404804 0.573704371
   vertex 0.155602048 0.237020043 0.608635390
   vertex 0.132127739 0.236174200 0.569174487
  endloop
 endfacet
 facet normal -0.238061750 0.191186443 -0.952246999
  outer loop
   vertex -0.047814508 0.011246390 0.614160049
   vertex 0.132127739 0.011246390 0.569174487
   vertex 0.155602048 0.237020043 0.608635390
  endloop
 endfacet
 facet normal 0.000000000 1.000000000 -0.000000000
  outer loop
   vertex -0.047814508 0.011246390 0.614160049
   vertex -0.137785632 0.011246390 0.614160049
   vertex 0.132127739 0.011246390 0.569174487
  endloop
 endfacet
 facet normal 0.002068093 0.999920872 0.012408559
  outer loop
   vertex -0.139510112 0.013181057 0.458545938
   vertex 0.132127739 0.011246390 0.569174487
   vertex -0.137785632 0.011246390 0.614160049
  endloop
 endfacet
 facet normal -0.010622857 0.998994606 0.043553778
  outer loop
   vertex -0.139510112 0.013181057 0.458545938
   vertex 0.158336877 0.016860457 0.446796893
   vertex 0.132127739 0.011246390 0.569174487
  endloop
 endfacet
 facet normal 0.016443649 0.756512432 0.653772550
  outer loop
   vertex -0.139510112 0.013181057 0.458545938
   vertex -0.110189973 0.058938238 0.404860590
   vertex 0.158336877 0.016860457 0.446796893
  endloop
 endfacet
 facet normal 0.838085152 0.093555276 0.537457615
  outer loop
   vertex -0.139510112 0.013181057 0.458545938
   vertex -0.137959136 0.235578809 0.417414633
   vertex -0.110189973 0.058938238 0.404860590
  endloop
 endfacet
 facet normal 0.999962303 -0.007711611 -0.003990319
  outer loop
   vertex -0.139510112 0.013181057 0.458545938
   vertex -0.137785632 0.191188638 0.546681706
   vertex -0.137959136 0.235578809 0.417414633
  endloop
 endfacet
 facet normal 0.027109903 -0.999519544 0.015024480
  outer loop
   vertex -0.137785632 0.236174200 0.456710582
   vertex 0.027092849 0.242404804 0.573704371
   vertex -0.137959136 0.235578809 0.417414633
  endloop
 endfacet
 facet normal 0.999954091 -0.008570498 -0.004285249
  outer loop
   vertex -0.137785632 0.236174200 0.456710582
   vertex -0.137959136 0.235578809 0.417414633
   vertex -0.137785632 0.191188638 0.546681706
  endloop
 endfacet
 facet normal 0.331301379 -0.843914401 -0.421957201
  outer loop
   vertex -0.137785632 0.236174200 0.456710582
   vertex -0.137785632 0.191188638 0.546681706
   vertex 0.027092849 0.242404804 0.573704371
  endloop
 endfacet
 facet normal 0.302607788 -0.571869102 -0.762492136
  outer loop
   vertex -0.137785632 0.101217514 0.614160049
   vertex 0.027092849 0.242404804 0.573704371
   vertex -0.137785632 0.191188638 0.546681706
  endloop
 endfacet
 facet normal 0.209870553 -0.487874052 -0.847309424
  outer loop
   vertex -0.137785632 0.101217514 0.614160049
   vertex 0.155602048 0.237020043 0.608635390
   vertex 0.027092849 0.242404804 0.573704371
  endloop
 endfacet
 facet normal -0.012870153 -0.012870153 -0.999834345
  outer loop
   vertex -0.137785632 0.101217514 0.614160049
   vertex -0.047814508 0.011246390 0.614160049
   vertex 0.155602048 0.237020043 0.608635390
  endloop
 endfacet
 facet normal 0.000000000 0.000000000 -1.000000000
  outer loop
   vertex -0.137785632 0.101217514 0.614160049
   vertex -0.137785632 0.011246390 0.614160049
   vertex -0.047814508 0.011246390 0.614160049
  endloop
 endfacet
 facet normal 0.999938603 0.000000000 -0.011081092
  outer loop
   vertex -0.137785632 0.101217514 0.614160049
   vertex -0.139510112 0.013181057 0.458545938
   vertex -0.137785632 0.011246390 0.614160049
  endloop
 endfacet
 facet normal 0.999952710 -0.005835095 -0.007780127
  outer loop
   vertex -0.137785632 0.101217514 0.614160049
   vertex -0.137785632 0.191188638 0.546681706
   vertex -0.139510112 0.013181057 0.458545938
  endloop
 endfacet
endsolid app/meshes/bunny005
solid app/meshes/bunny006
 facet normal -1.000000000 0.000000000 -0.000000000
  outer loop
   vertex -0.475177346 1.405798808 -0.645435684
   vertex -0.475177346 1.473277151 -0.465493436
   vertex -0.475177346 1.248349342 -0.105608941
  endloop
 endfacet
 facet normal -0.952999131 -0.197172234 -0.230034273
  outer loop
   vertex -0.475177346 1.405798808 -0.240565627
   vertex -0.520162908 1.360813246 -0.015637817
   vertex -0.475177346 1.248349342 -0.105608941
  endloop
 endfacet
 facet normal -1.000000000 0.000000000 0.000000000
  outer loop
   vertex -0.475177346 1.405798808 -0.240565627
   vertex -0.475177346 1.248349342 -0.105608941
   vertex -0.475177346 1.473277151 -0.465493436
  endloop
 endfacet
 facet normal 0.000000000 0.316227766 0.948683298
  outer loop
   vertex -0.475177346 1.473277151 -0.667928465
   vertex -0.475177346 1.405798808 -0.645435684
   vertex -0.520162908 1.473277151 -0.667928465
  endloop
 endfacet
 facet normal -1.000000000 0.000000000 0.000000000
  outer loop
   vertex -0.475177346 1.473277151 -0.667928465
   vertex -0.475177346 1.473277151 -0.465493436
   vertex -0.475177346 1.405798808 -0.645435684
  endloop
 endfacet
 facet normal 0.000000000 -0.991227901 0.132163720
  outer loop
   vertex -0.475177346 1.473277151 -0.667928465
   vertex -0.520162908 1.473277151 -0.667928465
   vertex -0.655119593 1.518262713 -0.330536751
  endloop
 endfacet
 facet normal 0.000000000 -0.991227901 0.132163720
  outer loop
   vertex -0.565148470 1.518262713 -0.330536751
   vertex -0.475177346 1.473277151 -0.667928465
   vertex -0.655119593 1.518262713 -0.330536751
  endloop
 endfacet
 facet normal 0.298818880 0.938913862 0.170727958
  outer loop
   vertex -0.602697207 1.197301317 -0.096566913
   vertex -0.655119593 1.248349342 -0.285551189
   vertex -0.610134032 1.270842123 -0.487986217
  endloop
 endfacet
 facet normal -0.952783703 -0.194708947 -0.233005668
  outer loop
   vertex -0.506663132 1.285651788 -0.008031812
   vertex -0.475177346 1.248349342 -0.105608941
   vertex -0.520162908 1.360813246 -0.015637817
  endloop
 endfacet
 facet normal 0.038840730 0.685930030 -0.726630162
  outer loop
   vertex -0.506663132 1.285651788 -0.008031812
   vertex -0.663451495 1.288910869 -0.013336124
   vertex -0.602697207 1.197301317 -0.096566913
  endloop
 endfacet
 facet normal 0.910980273 0.335624311 0.239731651
  outer loop
   vertex -0.700105155 1.450784370 -0.398015093
   vertex -0.610134032 1.270842123 -0.487986217
   vertex -0.655119593 1.248349342 -0.285551189
  endloop
 endfacet
 facet normal -0.020873979 -0.104369893 -0.994319467
  outer loop
   vertex -0.632626812 1.383306027 -0.015637817
   vertex -0.506663132 1.285651788 -0.008031812
   vertex -0.520162908 1.360813246 -0.015637817
  endloop
 endfacet
 facet normal 0.033060950 -0.035151220 -0.998835004
  outer loop
   vertex -0.632626812 1.383306027 -0.015637817
   vertex -0.663451495 1.288910869 -0.013336124
   vertex -0.506663132 1.285651788 -0.008031812
  endloop
 endfacet
 facet normal 0.058420624 0.350523743 0.934729981
  outer loop
   vertex -0.565148470 1.360813246 -0.622942903
   vertex -0.520162908 1.473277151 -0.667928465
   vertex -0.475177346 1.405798808 -0.645435684
  endloop
 endfacet
 facet normal 0.872871561 0.218217890 0.436435780
  outer loop
   vertex -0.565148470 1.360813246 -0.622942903
   vertex -0.610134032 1.270842123 -0.487986217
   vertex -0.700105155 1.450784370 -0.398015093
  endloop
 endfacet
 facet normal -0.861934215 0.486739322 0.141965635
  outer loop
   vertex -0.520162908 1.293334904 -0.532971779
   vertex -0.475177346 1.405798808 -0.645435684
   vertex -0.475177346 1.248349342 -0.105608941
  endloop
 endfacet
 facet normal 0.081649658 0.816496581 0.571547607
  outer loop
   vertex -0.520162908 1.293334904 -0.532971779
   vertex -0.610134032 1.270842123 -0.487986217
   vertex -0.565148470 1.360813246 -0.622942903
  endloop
 endfacet
 facet normal -0.801637668 -0.572598334 -0.171779500
  outer loop
   vertex -0.520162908 1.495769932 -0.330536751
   vertex -0.475177346 1.405798808 -0.240565627
   vertex -0.475177346 1.473277151 -0.465493436
  endloop
 endfacet
 facet normal -0.447213595 -0.894427191 0.000000000
  outer loop
   vertex -0.520162908 1.495769932 -0.330536751
   vertex -0.475177346 1.473277151 -0.465493436
   vertex -0.475177346 1.473277151 -0.667928465
  endloop
 endfacet
 facet normal -0.447213595 -0.894427191 0.000000000
  outer loop
   vertex -0.520162908 1.495769932 -0.330536751
   vertex -0.475177346 1.473277151 -0.667928465
   vertex -0.565148470 1.518262713 -0.330536751
  endloop
 endfacet
 facet normal 0.484195256 0.742152849 -0.463426481
  outer loop
   vertex -0.655119593 1.225856561 -0.105608941
   vertex -0.602697207 1.197301317 -0.096566913
   vertex -0.663451495 1.288910869 -0.013336124
  endloop
 endfacet
 facet normal 0.460733861 0.880684662 0.110085583
  outer loop
   vertex -0.655119593 1.225856561 -0.105608941
   vertex -0.655119593 1.248349342 -0.285551189
   vertex -0.602697207 1.197301317 -0.096566913
  endloop
 endfacet
 facet normal 0.972240522 0.232176841 0.029022105
  outer loop
   vertex -0.655119593 1.225856561 -0.105608941
   vertex -0.700105155 1.450784370 -0.398015093
   vertex -0.655119593 1.248349342 -0.285551189
  endloop
 endfacet
 facet normal -0.029736883 0.723474592 -0.689710253
  outer loop
   vertex -0.529531481 1.197707448 -0.099295443
   vertex -0.506663132 1.285651788 -0.008031812
   vertex -0.602697207 1.197301317 -0.096566913
  endloop
 endfacet
 facet normal -0.637336942 0.628465129 -0.445907171
  outer loop
   vertex -0.529531481 1.197707448 -0.099295443
   vertex -0.475177346 1.248349342 -0.105608941
   vertex -0.506663132 1.285651788 -0.008031812
  endloop
 endfacet
 facet normal -0.665068294 0.732156224 0.147076265
  outer loop
   vertex -0.529531481 1.197707448 -0.099295443
   vertex -0.520162908 1.293334904 -0.532971779
   vertex -0.475177346 1.248349342 -0.105608941
  endloop
 endfacet
 facet normal 0.001429717 0.982807967 0.184625175
  outer loop
   vertex -0.529531481 1.197707448 -0.099295443
   vertex -0.602697207 1.197301317 -0.096566913
   vertex -0.610134032 1.270842123 -0.487986217
  endloop
 endfacet
 facet normal -0.136750821 0.967983999 0.210490357
  outer loop
   vertex -0.529531481 1.197707448 -0.099295443
   vertex -0.610134032 1.270842123 -0.487986217
   vertex -0.520162908 1.293334904 -0.532971779
  endloop
 endfacet
 facet normal 0.211999576 -0.953998092 0.211999576
  outer loop
   vertex -0.587641251 1.473277151 -0.600450122
   vertex -0.655119593 1.518262713 -0.330536751
   vertex -0.520162908 1.473277151 -0.667928465
  endloop
 endfacet
 facet normal 0.868079060 0.075485136 0.490653381
  outer loop
   vertex -0.587641251 1.473277151 -0.600450122
   vertex -0.565148470 1.360813246 -0.622942903
   vertex -0.700105155 1.450784370 -0.398015093
  endloop
 endfacet
 facet normal 0.707106781 0.000000000 0.707106781
  outer loop
   vertex -0.587641251 1.473277151 -0.600450122
   vertex -0.520162908 1.473277151 -0.667928465
   vertex -0.565148470 1.360813246 -0.622942903
  endloop
 endfacet
 facet normal 0.036159581 -0.036159581 -0.998691629
  outer loop
   vertex -0.677612374 1.338320466 -0.015637817
   vertex -0.663451495 1.288910869 -0.013336124
   vertex -0.632626812 1.383306027 -0.015637817
  endloop
 endfacet
 facet normal 0.957871905 0.269963230 -0.097986061
  outer loop
   vertex -0.677612374 1.338320466 -0.015637817
   vertex -0.655119593 1.225856561 -0.105608941
   vertex -0.663451495 1.288910869 -0.013336124
  endloop
 endfacet
 facet normal 0.980580676 0.196116135 -0.000000000
  outer loop
   vertex -0.677612374 1.338320466 -0.015637817
   vertex -0.700105155 1.450784370 -0.398015093
   vertex -0.655119593 1.225856561 -0.105608941
  endloop
 endfacet
 facet normal 0.000000000 -1.000000000 0.000000000
  outer loop
   vertex -0.632626812 1.518262713 -0.285551189
   vertex -0.565148470 1.518262713 -0.330536751
   vertex -0.655119593 1.518262713 -0.330536751
  endloop
 endfacet
 facet normal 0.000000000 0.800000000 0.600000000
  outer loop
   vertex -0.497670127 1.360813246 -0.622942903
   vertex -0.520162908 1.293334904 -0.532971779
   vertex -0.565148470 1.360813246 -0.622942903
  endloop
 endfacet
 facet normal -0.000000000 0.447213595 0.894427191
  outer loop
   vertex -0.497670127 1.360813246 -0.622942903
   vertex -0.565148470 1.360813246 -0.622942903
   vertex -0.475177346 1.405798808 -0.645435684
  endloop
 endfacet
 facet normal -0.845154255 0.507092553 0.169030851
  outer loop
   vertex -0.497670127 1.360813246 -0.622942903
   vertex -0.475177346 1.405798808 -0.645435684
   vertex -0.520162908 1.293334904 -0.532971779
  endloop
 endfacet
 facet normal -0.430705522 -0.861411043 -0.269190951
  outer loop
   vertex -0.542655689 1.450784370 -0.150594503
   vertex -0.520162908 1.495769932 -0.330536751
   vertex -0.565148470 1.518262713 -0.330536751
  endloop
 endfacet
 facet normal -0.757033299 -0.594811877 -0.270369035
  outer loop
   vertex -0.542655689 1.450784370 -0.150594503
   vertex -0.520162908 1.360813246 -0.015637817
   vertex -0.475177346 1.405798808 -0.240565627
  endloop
 endfacet
 facet normal -0.744208408 -0.620173673 -0.248069469
  outer loop
   vertex -0.542655689 1.450784370 -0.150594503
   vertex -0.475177346 1.405798808 -0.240565627
   vertex -0.520162908 1.495769932 -0.330536751
  endloop
 endfacet
 facet normal -0.213066247 -0.923287071 -0.319599371
  outer loop
   vertex -0.542655689 1.450784370 -0.150594503
   vertex -0.565148470 1.518262713 -0.330536751
   vertex -0.632626812 1.518262713 -0.285551189
  endloop
 endfacet
 facet normal -0.000000000 -0.894427191 -0.447213595
  outer loop
   vertex -0.542655689 1.450784370 -0.150594503
   vertex -0.632626812 1.518262713 -0.285551189
   vertex -0.632626812 1.383306027 -0.015637817
  endloop
 endfacet
 facet normal -0.166602403 -0.833012017 -0.527574278
  outer loop
   vertex -0.542655689 1.450784370 -0.150594503
   vertex -0.632626812 1.383306027 -0.015637817
   vertex -0.520162908 1.360813246 -0.015637817
  endloop
 endfacet
 facet normal 0.721250659 -0.607256691 0.333221845
  outer loop
   vertex -0.679759293 1.475738785 -0.396576807
   vertex -0.587641251 1.473277151 -0.600450122
   vertex -0.700105155 1.450784370 -0.398015093
  endloop
 endfacet
 facet normal 0.584874295 -0.763626521 0.273489661
  outer loop
   vertex -0.679759293 1.475738785 -0.396576807
   vertex -0.655119593 1.518262713 -0.330536751
   vertex -0.587641251 1.473277151 -0.600450122
  endloop
 endfacet
 facet normal 0.650944555 -0.650944555 -0.390566733
  outer loop
   vertex -0.677612374 1.473277151 -0.240565627
   vertex -0.677612374 1.338320466 -0.015637817
   vertex -0.632626812 1.383306027 -0.015637817
  endloop
 endfacet
 facet normal 0.534522484 -0.801783726 -0.267261242
  outer loop
   vertex -0.677612374 1.473277151 -0.240565627
   vertex -0.632626812 1.518262713 -0.285551189
   vertex -0.655119593 1.518262713 -0.330536751
  endloop
 endfacet
 facet normal 0.408248290 -0.816496581 -0.408248290
  outer loop
   vertex -0.677612374 1.473277151 -0.240565627
   vertex -0.632626812 1.383306027 -0.015637817
   vertex -0.632626812 1.518262713 -0.285551189
  endloop
 endfacet
 facet normal 0.729134784 -0.612119248 0.306059624
  outer loop
   vertex -0.700105155 1.473277151 -0.353029531
   vertex -0.679759293 1.475738785 -0.396576807
   vertex -0.700105155 1.450784370 -0.398015093
  endloop
 endfacet
 facet normal 0.620317538 -0.744193972 0.247752869
  outer loop
   vertex -0.700105155 1.473277151 -0.353029531
   vertex -0.655119593 1.518262713 -0.330536751
   vertex -0.679759293 1.475738785 -0.396576807
  endloop
 endfacet
 facet normal 0.735214622 -0.661693160 -0.147042924
  outer loop
   vertex -0.700105155 1.473277151 -0.353029531
   vertex -0.677612374 1.473277151 -0.240565627
   vertex -0.655119593 1.518262713 -0.330536751
  endloop
 endfacet
 facet normal 0.996588185 0.073821347 -0.036910674
  outer loop
   vertex -0.700105155 1.473277151 -0.353029531
   vertex -0.700105155 1.450784370 -0.398015093
   vertex -0.677612374 1.338320466 -0.015637817
  endloop
 endfacet
 facet normal 0.932054649 -0.310684883 -0.186410930
  outer loop
   vertex -0.700105155 1.473277151 -0.353029531
   vertex -0.677612374 1.338320466 -0.015637817
   vertex -0.677612374 1.473277151 -0.240565627
  endloop
 endfacet
endsolid app/meshes/bunny006
solid app/meshes/bunny007
 facet normal -0.999959224 0.009030529 0.000000000
  outer loop
   vertex -0.340220660 -0.011246390 -0.173087284
   vertex -0.337969170 0.238063363 -0.095851090
   vertex -0.340220660 -0.011246390 0.119318868
  endloop
 endfacet
 facet normal -0.281625357 -0.281625357 0.917264584
  outer loop
   vertex -0.340220660 -0.011246390 -0.173087284
   vertex -0.362713441 0.011246390 -0.173087284
   vertex -0.337969170 0.238063363 -0.095851090
  endloop
 endfacet
 facet normal -0.000000000 1.000000000 0.000000000
  outer loop
   vertex -0.340220660 -0.011246390 -0.173087284
   vertex -0.340220660 -0.011246390 0.119318868
   vertex -0.610134032 -0.011246390 -0.015637817
  endloop
 endfacet
 facet normal 0.000000000 1.000000000 0.000000000
  outer loop
   vertex -0.542655689 -0.011246390 -0.083116160
   vertex -0.340220660 -0.011246390 -0.173087284
   vertex -0.610134032 -0.011246390 -0.015637817
  endloop
 endfacet
 facet normal 0.376288347 0.376288347 0.846648782
  outer loop
   vertex -0.542655689 -0.011246390 -0.083116160
   vertex -0.362713441 0.011246390 -0.173087284
   vertex -0.340220660 -0.011246390 -0.173087284
  endloop
 endfacet
 facet normal 0.447213595 0.000000000 0.894427191
  outer loop
   vertex -0.542655689 -0.011246390 -0.083116160
   vertex -0.587641251 0.056231952 -0.060623379
   vertex -0.362713441 0.011246390 -0.173087284
  endloop
 endfacet
 facet normal 0.688247202 0.229415734 0.688247202
  outer loop
   vertex -0.542655689 -0.011246390 -0.083116160
   vertex -0.610134032 -0.011246390 -0.015637817
   vertex -0.587641251 0.056231952 -0.060623379
  endloop
 endfacet
 facet normal -0.833050520 -0.218107305 -0.508385714
  outer loop
   vertex -0.340220660 0.033739171 0.141811649
   vertex -0.395716168 0.231468301 0.147918024
   vertex -0.446994915 0.115975715 0.281492909
  endloop
 endfacet
 facet normal -0.999972566 0.003312632 -0.006625263
  outer loop
   vertex -0.340220660 0.033739171 0.141811649
   vertex -0.340220660 -0.011246390 0.119318868
   vertex -0.337969170 0.238063363 -0.095851090
  endloop
 endfacet
 facet normal -0.938949316 -0.256446095 -0.229367788
  outer loop
   vertex -0.340220660 0.033739171 0.141811649
   vertex -0.337969170 0.238063363 -0.095851090
   vertex -0.395716168 0.231468301 0.147918024
  endloop
 endfacet
 facet normal 0.000000000 1.000000000 -0.000000000
  outer loop
   vertex -0.587641251 -0.011246390 0.141811649
   vertex -0.610134032 -0.011246390 -0.015637817
   vertex -0.340220660 -0.011246390 0.119318868
  endloop
 endfacet
 facet normal -0.181544246 -0.299184217 0.936765974
  outer loop
   vertex -0.385206222 0.236174200 -0.105608941
   vertex -0.337969170 0.238063363 -0.095851090
   vertex -0.362713441 0.011246390 -0.173087284
  endloop
 endfacet
 facet normal 0.398929929 -0.226664732 0.888525751
  outer loop
   vertex -0.385206222 0.236174200 -0.105608941
   vertex -0.362713441 0.011246390 -0.173087284
   vertex -0.587641251 0.056231952 -0.060623379
  endloop
 endfacet
 facet normal -0.760948370 0.290157743 -0.580315486
  outer loop
   vertex -0.452355729 0.008718205 0.276340148
   vertex -0.340220660 -0.011246390 0.119318868
   vertex -0.340220660 0.033739171 0.141811649
  endloop
 endfacet
 facet normal -0.012247591 0.990807537 -0.134723500
  outer loop
   vertex -0.452355729 0.008718205 0.276340148
   vertex -0.587641251 -0.011246390 0.141811649
   vertex -0.340220660 -0.011246390 0.119318868
  endloop
 endfacet
 facet normal 0.015984917 0.986581088 -0.162487656
  outer loop
   vertex -0.452355729 0.008718205 0.276340148
   vertex -0.491868611 0.009370608 0.276414236
   vertex -0.587641251 -0.011246390 0.141811649
  endloop
 endfacet
 facet normal -0.772583885 0.068935894 -0.631159238
  outer loop
   vertex -0.452355729 0.008718205 0.276340148
   vertex -0.340220660 0.033739171 0.141811649
   vertex -0.446994915 0.115975715 0.281492909
  endloop
 endfacet
 facet normal -0.061517216 -0.997240690 -0.041552838
  outer loop
   vertex -0.452684565 0.236174200 0.119318868
   vertex -0.395716168 0.231468301 0.147918024
   vertex -0.337969170 0.238063363 -0.095851090
  endloop
 endfacet
 facet normal 0.586624220 -0.684394923 -0.432984543
  outer loop
   vertex -0.452684565 0.236174200 0.119318868
   vertex -0.610134032 0.101217514 0.119318868
   vertex -0.520162908 0.078724733 0.276768335
  endloop
 endfacet
 facet normal 0.406018438 -0.727320144 -0.553312242
  outer loop
   vertex -0.452684565 0.236174200 0.119318868
   vertex -0.520162908 0.078724733 0.276768335
   vertex -0.446994915 0.115975715 0.281492909
  endloop
 endfacet
 facet normal 0.229285768 -0.778123870 -0.584766004
  outer loop
   vertex -0.452684565 0.236174200 0.119318868
   vertex -0.446994915 0.115975715 0.281492909
   vertex -0.395716168 0.231468301 0.147918024
  endloop
 endfacet
 facet normal -0.048087834 0.050327975 -0.997574386
  outer loop
   vertex -0.516135561 0.018720831 0.279919275
   vertex -0.452355729 0.008718205 0.276340148
   vertex -0.446994915 0.115975715 0.281492909
  endloop
 endfacet
 facet normal 0.004204287 0.360555521 -0.932728278
  outer loop
   vertex -0.516135561 0.018720831 0.279919275
   vertex -0.491868611 0.009370608 0.276414236
   vertex -0.452355729 0.008718205 0.276340148
  endloop
 endfacet
 facet normal 0.087852840 -0.046356032 -0.995054268
  outer loop
   vertex -0.516135561 0.018720831 0.279919275
   vertex -0.446994915 0.115975715 0.281492909
   vertex -0.520162908 0.078724733 0.276768335
  endloop
 endfacet
 facet normal 0.293558107 0.891359177 -0.345401876
  outer loop
   vertex -0.516135561 0.018720831 0.279919275
   vertex -0.587641251 -0.011246390 0.141811649
   vertex -0.491868611 0.009370608 0.276414236
  endloop
 endfacet
 facet normal 0.955993750 -0.150946382 0.251577303
  outer loop
   vertex -0.610134032 0.101217514 0.051840525
   vertex -0.587641251 0.056231952 -0.060623379
   vertex -0.610134032 -0.011246390 -0.015637817
  endloop
 endfacet
 facet normal 1.000000000 -0.000000000 0.000000000
  outer loop
   vertex -0.610134032 0.101217514 0.051840525
   vertex -0.610134032 -0.011246390 -0.015637817
   vertex -0.610134032 0.101217514 0.119318868
  endloop
 endfacet
 facet normal 0.650791373 -0.759256602 0.000000000
  outer loop
   vertex -0.610134032 0.101217514 0.051840525
   vertex -0.610134032 0.101217514 0.119318868
   vertex -0.452684565 0.236174200 0.119318868
  endloop
 endfacet
 facet normal 1.000000000 0.000000000 -0.000000000
  outer loop
   vertex -0.610134032 0.011246390 0.141811649
   vertex -0.610134032 0.101217514 0.119318868
   vertex -0.610134032 -0.011246390 -0.015637817
  endloop
 endfacet
 facet normal 0.703526471 0.703526471 -0.100503782
  outer loop
   vertex -0.610134032 0.011246390 0.141811649
   vertex -0.610134032 -0.011246390 -0.015637817
   vertex -0.587641251 -0.011246390 0.141811649
  endloop
 endfacet
 facet normal 0.627475589 0.627475589 -0.461030118
  outer loop
   vertex -0.610134032 0.011246390 0.141811649
   vertex -0.587641251 -0.011246390 0.141811649
   vertex -0.516135561 0.018720831 0.279919275
  endloop
 endfacet
 facet normal 0.825762119 0.025836776 -0.563426467
  outer loop
   vertex -0.610134032 0.011246390 0.141811649
   vertex -0.516135561 0.018720831 0.279919275
   vertex -0.520162908 0.078724733 0.276768335
  endloop
 endfacet
 facet normal 0.853388381 -0.126427908 -0.505711633
  outer loop
   vertex -0.610134032 0.011246390 0.141811649
   vertex -0.520162908 0.078724733 0.276768335
   vertex -0.610134032 0.101217514 0.119318868
  endloop
 endfacet
 facet normal 0.016466031 -0.999864426 0.000000000
  outer loop
   vertex -0.452684565 0.236174200 -0.015637817
   vertex -0.452684565 0.236174200 0.119318868
   vertex -0.337969170 0.238063363 -0.095851090
  endloop
 endfacet
 facet normal 0.034595926 -0.999064501 0.025946945
  outer loop
   vertex -0.452684565 0.236174200 -0.015637817
   vertex -0.337969170 0.238063363 -0.095851090
   vertex -0.385206222 0.236174200 -0.105608941
  endloop
 endfacet
 facet normal 0.650791373 -0.759256602 0.000000000
  outer loop
   vertex -0.452684565 0.236174200 -0.015637817
   vertex -0.610134032 0.101217514 0.051840525
   vertex -0.452684565 0.236174200 0.119318868
  endloop
 endfacet
 facet normal 0.640000000 -0.600000000 0.480000000
  outer loop
   vertex -0.452684565 0.236174200 -0.015637817
   vertex -0.385206222 0.236174200 -0.105608941
   vertex -0.587641251 0.056231952 -0.060623379
  endloop
 endfacet
 facet normal 0.690268490 -0.613571991 0.383482494
  outer loop
   vertex -0.452684565 0.236174200 -0.015637817
   vertex -0.587641251 0.056231952 -0.060623379
   vertex -0.610134032 0.101217514 0.051840525
  endloop
 endfacet
endsolid app/meshes/bunny007
solid app/meshes/bunny008
 facet normal -0.501094906 -0.206125836 -0.840485594
  outer loop
   vertex -0.272742318 0.933450409 0.389232239
   vertex -0.385206222 1.023421532 0.434217801
   vertex -0.272825891 0.862183532 0.406759991
  endloop
 endfacet
 facet normal -0.019181739 0.172382725 -0.984843265
  outer loop
   vertex -0.418676598 0.938394900 0.422940427
   vertex -0.407644931 0.864761145 0.409837028
   vertex -0.272825891 0.862183532 0.406759991
  endloop
 endfacet
 facet normal -0.034147435 0.144603243 -0.988900326
  outer loop
   vertex -0.418676598 0.938394900 0.422940427
   vertex -0.272825891 0.862183532 0.406759991
   vertex -0.385206222 1.023421532 0.434217801
  endloop
 endfacet
 facet normal 0.987720188 0.133550920 0.081073924
  outer loop
   vertex -0.406307152 1.114037725 -0.017087769
   vertex -0.407644931 0.864761145 0.409837028
   vertex -0.418676598 0.938394900 0.422940427
  endloop
 endfacet
 facet normal -0.847931860 -0.514277619 -0.128569405
  outer loop
   vertex -0.385206222 1.338320466 0.186797211
   vertex -0.385206222 1.315827685 0.276768335
   vertex -0.299651103 1.235994908 0.031852356
  endloop
 endfacet
 facet normal -0.861549790 -0.358979079 -0.358979079
  outer loop
   vertex -0.385206222 1.270842123 0.321753897
   vertex -0.272742318 0.933450409 0.389232239
   vertex -0.385206222 1.315827685 0.276768335
  endloop
 endfacet
 facet normal -0.570808149 -0.339766755 -0.747486862
  outer loop
   vertex -0.385206222 1.270842123 0.321753897
   vertex -0.385206222 1.023421532 0.434217801
   vertex -0.272742318 0.933450409 0.389232239
  endloop
 endfacet
 facet normal -0.913600226 -0.351384702 -0.204605517
  outer loop
   vertex -0.272742318 1.023421532 0.276768335
   vertex -0.299651103 1.235994908 0.031852356
   vertex -0.385206222 1.315827685 0.276768335
  endloop
 endfacet
 facet normal -0.897085227 -0.345032780 -0.276026224
  outer loop
   vertex -0.272742318 1.023421532 0.276768335
   vertex -0.385206222 1.315827685 0.276768335
   vertex -0.272742318 0.933450409 0.389232239
  endloop
 endfacet
 facet normal 0.226702255 -0.944883977 -0.236220994
  outer loop
   vertex -0.417239445 1.308933060 0.273604417
   vertex -0.385206222 1.315827685 0.276768335
   vertex -0.385206222 1.338320466 0.186797211
  endloop
 endfacet
 facet normal 0.021181085 0.995321688 0.094266104
  outer loop
   vertex -0.272742318 0.865972066 0.366739458
   vertex -0.272825891 0.862183532 0.406759991
   vertex -0.407644931 0.864761145 0.409837028
  endloop
 endfacet
 facet normal 0.151676247 0.853371739 0.498749428
  outer loop
   vertex -0.272742318 0.865972066 0.366739458
   vertex -0.407644931 0.864761145 0.409837028
   vertex -0.406307152 1.114037725 -0.017087769
  endloop
 endfacet
 facet normal -1.000000000 -0.000000000 -0.000000000
  outer loop
   vertex -0.272742318 0.865972066 0.366739458
   vertex -0.272742318 1.023421532 0.276768335
   vertex -0.272742318 0.933450409 0.389232239
  endloop
 endfacet
 facet normal -0.999997723 0.000674792 -0.002024376
  outer loop
   vertex -0.272742318 0.865972066 0.366739458
   vertex -0.272742318 0.933450409 0.389232239
   vertex -0.272825891 0.862183532 0.406759991
  endloop
 endfacet
 facet normal 0.133613720 -0.155414572 0.978771518
  outer loop
   vertex -0.364566550 1.235571214 -0.003488111
   vertex -0.406307152 1.114037725 -0.017087769
   vertex -0.406299440 1.229930232 0.001313210
  endloop
 endfacet
 facet normal -0.234963984 -0.865708037 0.441974571
  outer loop
   vertex -0.364566550 1.235571214 -0.003488111
   vertex -0.385206222 1.338320466 0.186797211
   vertex -0.299651103 1.235994908 0.031852356
  endloop
 endfacet
 facet normal 0.999429026 0.010263531 0.032191344
  outer loop
   vertex -0.414236048 1.328430270 0.160722270
   vertex -0.406307152 1.114037725 -0.017087769
   vertex -0.418676598 0.938394900 0.422940427
  endloop
 endfacet
 facet normal 0.999584632 0.007353560 0.027865553
  outer loop
   vertex -0.414236048 1.328430270 0.160722270
   vertex -0.418676598 0.938394900 0.422940427
   vertex -0.417239445 1.308933060 0.273604417
  endloop
 endfacet
 facet normal 0.998438364 -0.008825006 0.055162968
  outer loop
   vertex -0.414236048 1.328430270 0.160722270
   vertex -0.406299440 1.229930232 0.001313210
   vertex -0.406307152 1.114037725 -0.017087769
  endloop
 endfacet
 facet normal 0.431402627 -0.890851539 -0.142391391
  outer loop
   vertex -0.414236048 1.328430270 0.160722270
   vertex -0.417239445 1.308933060 0.273604417
   vertex -0.385206222 1.338320466 0.186797211
  endloop
 endfacet
 facet normal 0.173009478 -0.833995541 0.523945758
  outer loop
   vertex -0.414236048 1.328430270 0.160722270
   vertex -0.364566550 1.235571214 -0.003488111
   vertex -0.406299440 1.229930232 0.001313210
  endloop
 endfacet
 facet normal -0.115622648 -0.879202560 0.462205864
  outer loop
   vertex -0.414236048 1.328430270 0.160722270
   vertex -0.385206222 1.338320466 0.186797211
   vertex -0.364566550 1.235571214 -0.003488111
  endloop
 endfacet
 facet normal 0.121582890 -0.701860955 -0.701860955
  outer loop
   vertex -0.416648838 1.269515243 0.317633993
   vertex -0.385206222 1.270842123 0.321753897
   vertex -0.385206222 1.315827685 0.276768335
  endloop
 endfacet
 facet normal 0.220515912 -0.725236033 -0.652231116
  outer loop
   vertex -0.416648838 1.269515243 0.317633993
   vertex -0.385206222 1.315827685 0.276768335
   vertex -0.417239445 1.308933060 0.273604417
  endloop
 endfacet
 facet normal 0.999545853 -0.014519110 -0.026406116
  outer loop
   vertex -0.416648838 1.269515243 0.317633993
   vertex -0.417239445 1.308933060 0.273604417
   vertex -0.418676598 0.938394900 0.422940427
  endloop
 endfacet
 facet normal -0.005685785 0.838945875 0.544185162
  outer loop
   vertex -0.362713441 1.113392656 -0.015637817
   vertex -0.272742318 0.865972066 0.366739458
   vertex -0.406307152 1.114037725 -0.017087769
  endloop
 endfacet
 facet normal -0.475543433 -0.094188351 0.874635351
  outer loop
   vertex -0.362713441 1.113392656 -0.015637817
   vertex -0.364566550 1.235571214 -0.003488111
   vertex -0.299651103 1.235994908 0.031852356
  endloop
 endfacet
 facet normal -0.034546908 -0.099413922 0.994446270
  outer loop
   vertex -0.362713441 1.113392656 -0.015637817
   vertex -0.406307152 1.114037725 -0.017087769
   vertex -0.364566550 1.235571214 -0.003488111
  endloop
 endfacet
 facet normal -0.996558248 -0.058615947 0.058615947
  outer loop
   vertex -0.272742318 0.978435971 0.231782773
   vertex -0.299651103 1.235994908 0.031852356
   vertex -0.272742318 1.023421532 0.276768335
  endloop
 endfacet
 facet normal -1.000000000 0.000000000 -0.000000000
  outer loop
   vertex -0.272742318 0.978435971 0.231782773
   vertex -0.272742318 1.023421532 0.276768335
   vertex -0.272742318 0.865972066 0.366739458
  endloop
 endfacet
 facet normal -0.851895393 0.262689773 0.453065473
  outer loop
   vertex -0.272742318 0.978435971 0.231782773
   vertex -0.362713441 1.113392656 -0.015637817
   vertex -0.299651103 1.235994908 0.031852356
  endloop
 endfacet
 facet normal -0.519622439 0.656365186 0.546970989
  outer loop
   vertex -0.272742318 0.978435971 0.231782773
   vertex -0.272742318 0.865972066 0.366739458
   vertex -0.362713441 1.113392656 -0.015637817
  endloop
 endfacet
 facet normal -0.314269681 -0.392837101 -0.864241621
  outer loop
   vertex -0.407699003 1.090899875 0.411725020
   vertex -0.385206222 1.023421532 0.434217801
   vertex -0.385206222 1.270842123 0.321753897
  endloop
 endfacet
 facet normal 0.134503032 -0.456549117 -0.879472477
  outer loop
   vertex -0.407699003 1.090899875 0.411725020
   vertex -0.385206222 1.270842123 0.321753897
   vertex -0.416648838 1.269515243 0.317633993
  endloop
 endfacet
 facet normal 0.961811721 -0.088286266 -0.259082514
  outer loop
   vertex -0.407699003 1.090899875 0.411725020
   vertex -0.416648838 1.269515243 0.317633993
   vertex -0.418676598 0.938394900 0.422940427
  endloop
 endfacet
 facet normal 0.536910253 -0.100250501 -0.837661756
  outer loop
   vertex -0.407699003 1.090899875 0.411725020
   vertex -0.418676598 0.938394900 0.422940427
   vertex -0.385206222 1.023421532 0.434217801
  endloop
 endfacet
endsolid app/meshes/bunny008
solid app/meshes/bunny009
 facet normal -0.370672867 -0.285132974 -0.883912220
  outer loop
   vertex -0.092800070 1.405798808 0.029347744
   vertex -0.160278413 1.563248275 0.006854963
   vertex -0.362713441 1.338320466 0.164304430
  endloop
 endfacet
 facet normal -0.570709490 -0.403301373 -0.715289228
  outer loop
   vertex 0.019663835 1.428291589 -0.060623379
   vertex 0.042156615 1.675712180 -0.218072846
   vertex -0.160278413 1.563248275 0.006854963
  endloop
 endfacet
 facet normal -0.544151386 -0.342613836 -0.765842692
  outer loop
   vertex 0.019663835 1.428291589 -0.060623379
   vertex -0.160278413 1.563248275 0.006854963
   vertex -0.092800070 1.405798808 0.029347744
  endloop
 endfacet
 facet normal -0.428352937 -0.085670587 -0.899541167
  outer loop
   vertex -0.340220660 1.225856561 0.164304430
   vertex -0.092800070 1.405798808 0.029347744
   vertex -0.362713441 1.338320466 0.164304430
  endloop
 endfacet
 facet normal -0.212413995 -0.424827990 -0.880000837
  outer loop
   vertex -0.407699003 1.360813246 0.164304430
   vertex -0.362713441 1.338320466 0.164304430
   vertex -0.160278413 1.563248275 0.006854963
  endloop
 endfacet
 facet normal -0.800000000 0.000000000 -0.600000000
  outer loop
   vertex 0.087142177 1.473277151 -0.150594503
   vertex 0.019663835 1.428291589 -0.060623379
   vertex 0.087142177 1.428291589 -0.150594503
  endloop
 endfacet
 facet normal -0.646996639 -0.366631429 -0.668563194
  outer loop
   vertex 0.087142177 1.473277151 -0.150594503
   vertex 0.042156615 1.675712180 -0.218072846
   vertex 0.019663835 1.428291589 -0.060623379
  endloop
 endfacet
 facet normal -0.986393924 0.000000000 -0.164398987
  outer loop
   vertex 0.087142177 1.473277151 -0.150594503
   vertex 0.087142177 1.428291589 -0.150594503
   vertex 0.109634958 1.540755494 -0.285551189
  endloop
 endfacet
 facet normal -0.624695048 -0.000000000 -0.780868809
  outer loop
   vertex 0.019663835 1.360813246 -0.060623379
   vertex 0.019663835 1.428291589 -0.060623379
   vertex -0.092800070 1.405798808 0.029347744
  endloop
 endfacet
 facet normal -0.569177052 0.181101789 -0.802022210
  outer loop
   vertex 0.019663835 1.360813246 -0.060623379
   vertex -0.092800070 1.405798808 0.029347744
   vertex -0.340220660 1.225856561 0.164304430
  endloop
 endfacet
 facet normal -0.800000000 0.000000000 -0.600000000
  outer loop
   vertex 0.019663835 1.360813246 -0.060623379
   vertex 0.087142177 1.428291589 -0.150594503
   vertex 0.019663835 1.428291589 -0.060623379
  endloop
 endfacet
 facet normal -0.434002770 0.886088988 -0.162751039
  outer loop
   vertex 0.019663835 1.360813246 -0.060623379
   vertex -0.340220660 1.225856561 0.164304430
   vertex -0.272742318 1.225856561 -0.015637817
  endloop
 endfacet
 facet normal 0.514495755 -0.000000000 0.857492926
  outer loop
   vertex -0.317727879 1.338320466 -0.105608941
   vertex 0.019663835 1.653219399 -0.308043970
   vertex 0.019663835 1.540755494 -0.308043970
  endloop
 endfacet
 facet normal 0.115298844 0.648242576 0.752653798
  outer loop
   vertex -0.317727879 1.338320466 -0.105608941
   vertex -0.272742318 1.225856561 -0.015637817
   vertex -0.406299440 1.229930232 0.001313210
  endloop
 endfacet
 facet normal 0.112999360 0.647862997 0.753329066
  outer loop
   vertex -0.317727879 1.338320466 -0.105608941
   vertex 0.087142177 1.450784370 -0.263058408
   vertex -0.272742318 1.225856561 -0.015637817
  endloop
 endfacet
 facet normal -0.034922413 0.999304219 -0.013095905
  outer loop
   vertex -0.372999054 1.224786303 0.170045721
   vertex -0.272742318 1.225856561 -0.015637817
   vertex -0.340220660 1.225856561 0.164304430
  endloop
 endfacet
 facet normal 0.033502319 0.999154075 0.023848025
  outer loop
   vertex -0.372999054 1.224786303 0.170045721
   vertex -0.406299440 1.229930232 0.001313210
   vertex -0.272742318 1.225856561 -0.015637817
  endloop
 endfacet
 facet normal 0.954729049 0.235898524 -0.181230047
  outer loop
   vertex -0.372999054 1.224786303 0.170045721
   vertex -0.407699003 1.360813246 0.164304430
   vertex -0.406299440 1.229930232 0.001313210
  endloop
 endfacet
 facet normal -0.171341180 -0.034268236 -0.984615604
  outer loop
   vertex -0.372999054 1.224786303 0.170045721
   vertex -0.340220660 1.225856561 0.164304430
   vertex -0.362713441 1.338320466 0.164304430
  endloop
 endfacet
 facet normal -0.024153428 -0.048306855 -0.998540465
  outer loop
   vertex -0.372999054 1.224786303 0.170045721
   vertex -0.362713441 1.338320466 0.164304430
   vertex -0.407699003 1.360813246 0.164304430
  endloop
 endfacet
 facet normal -0.986393924 -0.000000000 -0.164398987
  outer loop
   vertex 0.109634958 1.495769932 -0.285551189
   vertex 0.109634958 1.540755494 -0.285551189
   vertex 0.087142177 1.428291589 -0.150594503
  endloop
 endfacet
 facet normal -0.870062840 0.483368245 0.096673649
  outer loop
   vertex 0.109634958 1.495769932 -0.285551189
   vertex 0.087142177 1.428291589 -0.150594503
   vertex 0.087142177 1.450784370 -0.263058408
  endloop
 endfacet
 facet normal -0.000000000 0.000000000 1.000000000
  outer loop
   vertex 0.087142177 1.630726618 -0.308043970
   vertex 0.019663835 1.540755494 -0.308043970
   vertex 0.019663835 1.653219399 -0.308043970
  endloop
 endfacet
 facet normal -0.707106781 0.000000000 0.707106781
  outer loop
   vertex 0.087142177 1.630726618 -0.308043970
   vertex 0.109634958 1.540755494 -0.285551189
   vertex 0.109634958 1.495769932 -0.285551189
  endloop
 endfacet
 facet normal 1.000000000 0.000000000 0.000000000
  outer loop
   vertex -0.407699003 1.405798808 -0.038130598
   vertex -0.407699003 1.360813246 0.164304430
   vertex -0.407699003 1.428291589 -0.015637817
  endloop
 endfacet
 facet normal 0.999963196 0.008375129 0.001861140
  outer loop
   vertex -0.407699003 1.405798808 -0.038130598
   vertex -0.406299440 1.229930232 0.001313210
   vertex -0.407699003 1.360813246 0.164304430
  endloop
 endfacet
 facet normal 0.668922675 0.167737725 0.724159175
  outer loop
   vertex -0.407699003 1.405798808 -0.038130598
   vertex -0.317727879 1.338320466 -0.105608941
   vertex -0.406299440 1.229930232 0.001313210
  endloop
 endfacet
 facet normal 0.562576858 -0.073379590 0.823482067
  outer loop
   vertex -0.407699003 1.405798808 -0.038130598
   vertex 0.019663835 1.653219399 -0.308043970
   vertex -0.317727879 1.338320466 -0.105608941
  endloop
 endfacet
 facet normal -0.000000000 -0.894427191 -0.447213595
  outer loop
   vertex -0.227756756 1.563248275 0.006854963
   vertex -0.160278413 1.563248275 0.006854963
   vertex 0.042156615 1.675712180 -0.218072846
  endloop
 endfacet
 facet normal 0.446949207 -0.893898413 0.034380708
  outer loop
   vertex -0.227756756 1.563248275 0.006854963
   vertex 0.019663835 1.675712180 -0.285551189
   vertex -0.317727879 1.518262713 0.006854963
  endloop
 endfacet
 facet normal 0.308378356 -0.945693625 -0.102792785
  outer loop
   vertex -0.227756756 1.563248275 0.006854963
   vertex 0.042156615 1.675712180 -0.218072846
   vertex 0.019663835 1.675712180 -0.285551189
  endloop
 endfacet
 facet normal 0.000000000 -0.613940614 -0.789352217
  outer loop
   vertex -0.227756756 1.563248275 0.006854963
   vertex -0.407699003 1.360813246 0.164304430
   vertex -0.160278413 1.563248275 0.006854963
  endloop
 endfacet
 facet normal 0.716629562 -0.687964380 -0.114660730
  outer loop
   vertex -0.407699003 1.405798808 0.119318868
   vertex -0.317727879 1.518262713 0.006854963
   vertex -0.407699003 1.428291589 -0.015637817
  endloop
 endfacet
 facet normal 1.000000000 -0.000000000 -0.000000000
  outer loop
   vertex -0.407699003 1.405798808 0.119318868
   vertex -0.407699003 1.428291589 -0.015637817
   vertex -0.407699003 1.360813246 0.164304430
  endloop
 endfacet
 facet normal 0.394055203 -0.788110406 -0.472866244
  outer loop
   vertex -0.407699003 1.405798808 0.119318868
   vertex -0.227756756 1.563248275 0.006854963
   vertex -0.317727879 1.518262713 0.006854963
  endloop
 endfacet
 facet normal 0.174077656 -0.696310624 -0.696310624
  outer loop
   vertex -0.407699003 1.405798808 0.119318868
   vertex -0.407699003 1.360813246 0.164304430
   vertex -0.227756756 1.563248275 0.006854963
  endloop
 endfacet
 facet normal -0.399472121 0.907891185 0.127104766
  outer loop
   vertex 0.042156615 1.383306027 -0.150594503
   vertex 0.019663835 1.360813246 -0.060623379
   vertex -0.272742318 1.225856561 -0.015637817
  endloop
 endfacet
 facet normal -0.255213831 0.870729542 0.420352193
  outer loop
   vertex 0.042156615 1.383306027 -0.150594503
   vertex -0.272742318 1.225856561 -0.015637817
   vertex 0.087142177 1.450784370 -0.263058408
  endloop
 endfacet
 facet normal -0.700140042 0.700140042 0.140028008
  outer loop
   vertex 0.042156615 1.383306027 -0.150594503
   vertex 0.087142177 1.450784370 -0.263058408
   vertex 0.087142177 1.428291589 -0.150594503
  endloop
 endfacet
 facet normal -0.707106781 0.707106781 0.000000000
  outer loop
   vertex 0.042156615 1.383306027 -0.150594503
   vertex 0.087142177 1.428291589 -0.150594503
   vertex 0.019663835 1.360813246 -0.060623379
  endloop
 endfacet
 facet normal 0.177393719 0.532181156 0.827837354
  outer loop
   vertex 0.087142177 1.518262713 -0.308043970
   vertex -0.317727879 1.338320466 -0.105608941
   vertex 0.019663835 1.540755494 -0.308043970
  endloop
 endfacet
 facet normal 0.167108423 0.546900293 0.820350440
  outer loop
   vertex 0.087142177 1.518262713 -0.308043970
   vertex 0.087142177 1.450784370 -0.263058408
   vertex -0.317727879 1.338320466 -0.105608941
  endloop
 endfacet
 facet normal -0.267261242 0.534522484 0.801783726
  outer loop
   vertex 0.087142177 1.518262713 -0.308043970
   vertex 0.109634958 1.495769932 -0.285551189
   vertex 0.087142177 1.450784370 -0.263058408
  endloop
 endfacet
 facet normal -0.707106781 0.000000000 0.707106781
  outer loop
   vertex 0.087142177 1.518262713 -0.308043970
   vertex 0.087142177 1.630726618 -0.308043970
   vertex 0.109634958 1.495769932 -0.285551189
  endloop
 endfacet
 facet normal 0.000000000 0.000000000 1.000000000
  outer loop
   vertex 0.087142177 1.518262713 -0.308043970
   vertex 0.019663835 1.540755494 -0.308043970
   vertex 0.087142177 1.630726618 -0.308043970
  endloop
 endfacet
 facet normal -0.957704261 -0.159617377 -0.239426065
  outer loop
   vertex 0.087142177 1.608233837 -0.240565627
   vertex 0.087142177 1.473277151 -0.150594503
   vertex 0.109634958 1.540755494 -0.285551189
  endloop
 endfacet
 facet normal -0.961074462 -0.262111217 -0.087370406
  outer loop
   vertex 0.087142177 1.608233837 -0.240565627
   vertex 0.109634958 1.540755494 -0.285551189
   vertex 0.087142177 1.630726618 -0.308043970
  endloop
 endfacet
 facet normal -0.845154255 -0.507092553 -0.169030851
  outer loop
   vertex 0.087142177 1.608233837 -0.240565627
   vertex 0.087142177 1.630726618 -0.308043970
   vertex 0.042156615 1.675712180 -0.218072846
  endloop
 endfacet
 facet normal -0.780398973 -0.346843988 -0.520265982
  outer loop
   vertex 0.087142177 1.608233837 -0.240565627
   vertex 0.042156615 1.675712180 -0.218072846
   vertex 0.087142177 1.473277151 -0.150594503
  endloop
 endfacet
 facet normal 0.707106781 -0.707106781 -0.000000000
  outer loop
   vertex -0.340220660 1.495769932 -0.060623379
   vertex -0.407699003 1.428291589 -0.015637817
   vertex -0.317727879 1.518262713 0.006854963
  endloop
 endfacet
 facet normal 0.502176763 -0.856654477 0.118159238
  outer loop
   vertex -0.340220660 1.495769932 -0.060623379
   vertex -0.317727879 1.518262713 0.006854963
   vertex 0.019663835 1.675712180 -0.285551189
  endloop
 endfacet
 facet normal 0.762492852 -0.457495711 0.457495711
  outer loop
   vertex -0.340220660 1.495769932 -0.060623379
   vertex -0.407699003 1.405798808 -0.038130598
   vertex -0.407699003 1.428291589 -0.015637817
  endloop
 endfacet
 facet normal 0.622543017 -0.553371571 0.553371571
  outer loop
   vertex -0.340220660 1.495769932 -0.060623379
   vertex 0.019663835 1.675712180 -0.285551189
   vertex 0.019663835 1.653219399 -0.308043970
  endloop
 endfacet
 facet normal 0.624789671 -0.287065524 0.726106915
  outer loop
   vertex -0.340220660 1.495769932 -0.060623379
   vertex 0.019663835 1.653219399 -0.308043970
   vertex -0.407699003 1.405798808 -0.038130598
  endloop
 endfacet
 facet normal -0.196116135 -0.588348405 0.784464541
  outer loop
   vertex 0.042156615 1.675712180 -0.285551189
   vertex 0.087142177 1.630726618 -0.308043970
   vertex 0.019663835 1.653219399 -0.308043970
  endloop
 endfacet
 facet normal 0.000000000 -0.707106781 0.707106781
  outer loop
   vertex 0.042156615 1.675712180 -0.285551189
   vertex 0.019663835 1.653219399 -0.308043970
   vertex 0.019663835 1.675712180 -0.285551189
  endloop
 endfacet
 facet normal 0.000000000 -1.000000000 -0.000000000
  outer loop
   vertex 0.042156615 1.675712180 -0.285551189
   vertex 0.019663835 1.675712180 -0.285551189
   vertex 0.042156615 1.675712180 -0.218072846
  endloop
 endfacet
 facet normal -0.707106781 -0.707106781 -0.000000000
  outer loop
   vertex 0.042156615 1.675712180 -0.285551189
   vertex 0.042156615 1.675712180 -0.218072846
   vertex 0.087142177 1.630726618 -0.308043970
  endloop
 endfacet
endsolid app/meshes/bunny009
solid app/meshes/bunny010
 facet normal 0.001218755 -0.999998816 0.000939131
  outer loop
   vertex 0.634054994 0.438268331 -0.064334519
   vertex 0.669215005 0.438630192 0.275350554
   vertex 0.806911167 0.438609228 0.074333306
  endloop
 endfacet
 facet normal 0.855737732 -0.313550429 -0.411581174
  outer loop
   vertex 0.671954482 0.326145324 0.366739458
   vertex 0.669215005 0.438630192 0.275350554
   vertex 0.450029390 0.017823165 0.140210318
  endloop
 endfacet
 facet normal 0.161223056 0.193550543 -0.967752713
  outer loop
   vertex 0.647045539 0.197751044 0.369152147
   vertex 0.694447263 0.146203076 0.366739458
   vertex 0.694447263 0.258666981 0.389232239
  endloop
 endfacet
 facet normal 0.461521303 0.459905405 -0.758607346
  outer loop
   vertex 0.647045539 0.197751044 0.369152147
   vertex 0.450029390 0.017823165 0.140210318
   vertex 0.694447263 0.146203076 0.366739458
  endloop
 endfacet
 facet normal 0.808507782 -0.167454591 -0.564157892
  outer loop
   vertex 0.647045539 0.197751044 0.369152147
   vertex 0.671954482 0.326145324 0.366739458
   vertex 0.450029390 0.017823165 0.140210318
  endloop
 endfacet
 facet normal 0.508882389 -0.114756783 -0.853152738
  outer loop
   vertex 0.647045539 0.197751044 0.369152147
   vertex 0.694447263 0.258666981 0.389232239
   vertex 0.671954482 0.326145324 0.366739458
  endloop
 endfacet
 facet normal -0.979957887 0.178174161 0.089087081
  outer loop
   vertex 0.829403948 0.191188638 0.074333306
   vertex 0.851896729 0.326145324 0.051840525
   vertex 0.851896729 0.236174200 0.231782773
  endloop
 endfacet
 facet normal -0.065231548 0.319528817 0.945328610
  outer loop
   vertex 0.671954482 0.146203076 -0.060623379
   vertex 0.447026672 0.033739171 -0.038130598
   vertex 0.553087005 0.240359656 -0.100651418
  endloop
 endfacet
 facet normal 0.822609599 -0.409025112 0.394983424
  outer loop
   vertex 0.454575728 0.090149020 -0.051038198
   vertex 0.634054994 0.438268331 -0.064334519
   vertex 0.553087005 0.240359656 -0.100651418
  endloop
 endfacet
 facet normal 0.187149390 0.195245466 0.962732732
  outer loop
   vertex 0.454575728 0.090149020 -0.051038198
   vertex 0.553087005 0.240359656 -0.100651418
   vertex 0.447026672 0.033739171 -0.038130598
  endloop
 endfacet
 facet normal 0.989848262 -0.139121041 -0.029081865
  outer loop
   vertex 0.454575728 0.090149020 -0.051038198
   vertex 0.447026672 0.033739171 -0.038130598
   vertex 0.450029390 0.017823165 0.140210318
  endloop
 endfacet
 facet normal 0.895880034 -0.422199943 -0.138369693
  outer loop
   vertex 0.454575728 0.090149020 -0.051038198
   vertex 0.450029390 0.017823165 0.140210318
   vertex 0.669215005 0.438630192 0.275350554
  endloop
 endfacet
 facet normal 0.883717652 -0.459091818 -0.090982494
  outer loop
   vertex 0.454575728 0.090149020 -0.051038198
   vertex 0.669215005 0.438630192 0.275350554
   vertex 0.634054994 0.438268331 -0.064334519
  endloop
 endfacet
 facet normal -0.504996288 -0.588965615 0.630950278
  outer loop
   vertex 0.829403948 0.371130885 0.029347744
   vertex 0.634054994 0.438268331 -0.064334519
   vertex 0.806911167 0.438609228 0.074333306
  endloop
 endfacet
 facet normal -0.247650625 -0.075922056 0.965870079
  outer loop
   vertex 0.784418386 0.281159762 -0.038130598
   vertex 0.553087005 0.240359656 -0.100651418
   vertex 0.634054994 0.438268331 -0.064334519
  endloop
 endfacet
 facet normal -0.271154915 0.065916425 0.960276021
  outer loop
   vertex 0.784418386 0.281159762 -0.038130598
   vertex 0.671954482 0.146203076 -0.060623379
   vertex 0.553087005 0.240359656 -0.100651418
  endloop
 endfacet
 facet normal -0.355334527 0.142133811 0.923869771
  outer loop
   vertex 0.784418386 0.281159762 -0.038130598
   vertex 0.739432824 0.168695857 -0.038130598
   vertex 0.671954482 0.146203076 -0.060623379
  endloop
 endfacet
 facet normal -0.499702065 -0.345787321 0.794184471
  outer loop
   vertex 0.784418386 0.281159762 -0.038130598
   vertex 0.634054994 0.438268331 -0.064334519
   vertex 0.829403948 0.371130885 0.029347744
  endloop
 endfacet
 facet normal -0.778498944 -0.077849894 0.622799155
  outer loop
   vertex 0.784418386 0.281159762 -0.038130598
   vertex 0.829403948 0.371130885 0.029347744
   vertex 0.851896729 0.326145324 0.051840525
  endloop
 endfacet
 facet normal -0.000152246 -0.999999988 0.000000000
  outer loop
   vertex 0.806911167 0.438609228 0.254275554
   vertex 0.806911167 0.438609228 0.074333306
   vertex 0.669215005 0.438630192 0.275350554
  endloop
 endfacet
 facet normal -0.965734170 -0.032191139 -0.257529112
  outer loop
   vertex 0.851896729 0.416116447 0.209289992
   vertex 0.829403948 0.371130885 0.299261116
   vertex 0.851896729 0.236174200 0.231782773
  endloop
 endfacet
 facet normal -1.000000000 0.000000000 0.000000000
  outer loop
   vertex 0.851896729 0.416116447 0.209289992
   vertex 0.851896729 0.236174200 0.231782773
   vertex 0.851896729 0.326145324 0.051840525
  endloop
 endfacet
 facet normal -0.715541753 -0.536656315 -0.447213595
  outer loop
   vertex 0.851896729 0.416116447 0.209289992
   vertex 0.806911167 0.438609228 0.254275554
   vertex 0.829403948 0.371130885 0.299261116
  endloop
 endfacet
 facet normal -0.447213595 -0.894427191 -0.000000000
  outer loop
   vertex 0.851896729 0.416116447 0.209289992
   vertex 0.806911167 0.438609228 0.074333306
   vertex 0.806911167 0.438609228 0.254275554
  endloop
 endfacet
 facet normal -0.408248290 0.816496581 -0.408248290
  outer loop
   vertex 0.784418386 0.146203076 0.276768335
   vertex 0.694447263 0.146203076 0.366739458
   vertex 0.716940043 0.078724733 0.209289992
  endloop
 endfacet
 facet normal -0.234888088 0.880830329 -0.411054154
  outer loop
   vertex 0.581983358 0.011246390 0.141811649
   vertex 0.716940043 0.078724733 0.209289992
   vertex 0.694447263 0.146203076 0.366739458
  endloop
 endfacet
 facet normal 0.048596360 0.845573644 -0.531642367
  outer loop
   vertex 0.581983358 0.011246390 0.141811649
   vertex 0.694447263 0.146203076 0.366739458
   vertex 0.450029390 0.017823165 0.140210318
  endloop
 endfacet
 facet normal -0.701670405 0.280668162 0.654892378
  outer loop
   vertex 0.829403948 0.236174200 0.029347744
   vertex 0.739432824 0.168695857 -0.038130598
   vertex 0.784418386 0.281159762 -0.038130598
  endloop
 endfacet
 facet normal -0.812362394 0.058025885 0.580258853
  outer loop
   vertex 0.829403948 0.236174200 0.029347744
   vertex 0.784418386 0.281159762 -0.038130598
   vertex 0.851896729 0.326145324 0.051840525
  endloop
 endfacet
 facet normal -0.962250449 0.192450090 0.192450090
  outer loop
   vertex 0.829403948 0.236174200 0.029347744
   vertex 0.851896729 0.326145324 0.051840525
   vertex 0.829403948 0.191188638 0.074333306
  endloop
 endfacet
 facet normal -0.787726361 -0.501280412 0.358057437
  outer loop
   vertex 0.851896729 0.416116447 0.141811649
   vertex 0.829403948 0.371130885 0.029347744
   vertex 0.806911167 0.438609228 0.074333306
  endloop
 endfacet
 facet normal -0.447213595 -0.894427191 0.000000000
  outer loop
   vertex 0.851896729 0.416116447 0.141811649
   vertex 0.806911167 0.438609228 0.074333306
   vertex 0.851896729 0.416116447 0.209289992
  endloop
 endfacet
 facet normal -1.000000000 0.000000000 0.000000000
  outer loop
   vertex 0.851896729 0.416116447 0.141811649
   vertex 0.851896729 0.416116447 0.209289992
   vertex 0.851896729 0.326145324 0.051840525
  endloop
 endfacet
 facet normal -0.904534034 -0.301511345 0.301511345
  outer loop
   vertex 0.851896729 0.416116447 0.141811649
   vertex 0.851896729 0.326145324 0.051840525
   vertex 0.829403948 0.371130885 0.029347744
  endloop
 endfacet
 facet normal -0.085125653 -0.340502612 -0.936382184
  outer loop
   vertex 0.739432824 0.371130885 0.344246677
   vertex 0.671954482 0.326145324 0.366739458
   vertex 0.694447263 0.258666981 0.389232239
  endloop
 endfacet
 facet normal -0.156173762 -0.312347524 -0.937042571
  outer loop
   vertex 0.739432824 0.371130885 0.344246677
   vertex 0.694447263 0.258666981 0.389232239
   vertex 0.784418386 0.348638104 0.344246677
  endloop
 endfacet
 facet normal 0.157486576 -0.620389579 -0.768319431
  outer loop
   vertex 0.739432824 0.371130885 0.344246677
   vertex 0.669215005 0.438630192 0.275350554
   vertex 0.671954482 0.326145324 0.366739458
  endloop
 endfacet
 facet normal -0.447213595 -0.000000000 -0.894427191
  outer loop
   vertex 0.784418386 0.236174200 0.344246677
   vertex 0.784418386 0.348638104 0.344246677
   vertex 0.694447263 0.258666981 0.389232239
  endloop
 endfacet
 facet normal -0.403705174 0.179424522 -0.897122608
  outer loop
   vertex 0.784418386 0.236174200 0.344246677
   vertex 0.694447263 0.258666981 0.389232239
   vertex 0.694447263 0.146203076 0.366739458
  endloop
 endfacet
 facet normal -0.624695048 0.468521286 -0.624695048
  outer loop
   vertex 0.784418386 0.236174200 0.344246677
   vertex 0.694447263 0.146203076 0.366739458
   vertex 0.784418386 0.146203076 0.276768335
  endloop
 endfacet
 facet normal -0.707106781 0.000000000 -0.707106781
  outer loop
   vertex 0.784418386 0.236174200 0.344246677
   vertex 0.829403948 0.371130885 0.299261116
   vertex 0.784418386 0.348638104 0.344246677
  endloop
 endfacet
 facet normal -0.557086015 -0.371390676 -0.742781353
  outer loop
   vertex 0.784418386 0.393623666 0.321753897
   vertex 0.784418386 0.348638104 0.344246677
   vertex 0.829403948 0.371130885 0.299261116
  endloop
 endfacet
 facet normal -0.577350269 -0.577350269 -0.577350269
  outer loop
   vertex 0.784418386 0.393623666 0.321753897
   vertex 0.829403948 0.371130885 0.299261116
   vertex 0.806911167 0.438609228 0.254275554
  endloop
 endfacet
 facet normal -0.218217890 -0.436435780 -0.872871561
  outer loop
   vertex 0.784418386 0.393623666 0.321753897
   vertex 0.739432824 0.371130885 0.344246677
   vertex 0.784418386 0.348638104 0.344246677
  endloop
 endfacet
 facet normal -0.087770557 -0.815088490 -0.572649179
  outer loop
   vertex 0.784418386 0.393623666 0.321753897
   vertex 0.806911167 0.438609228 0.254275554
   vertex 0.669215005 0.438630192 0.275350554
  endloop
 endfacet
 facet normal 0.004780259 -0.711862803 -0.702302285
  outer loop
   vertex 0.784418386 0.393623666 0.321753897
   vertex 0.669215005 0.438630192 0.275350554
   vertex 0.739432824 0.371130885 0.344246677
  endloop
 endfacet
 facet normal -0.894427191 0.447213595 0.000000000
  outer loop
   vertex 0.806911167 0.146203076 0.141811649
   vertex 0.829403948 0.191188638 0.074333306
   vertex 0.851896729 0.236174200 0.231782773
  endloop
 endfacet
 facet normal -0.824163384 0.549442256 -0.137360564
  outer loop
   vertex 0.806911167 0.146203076 0.141811649
   vertex 0.851896729 0.236174200 0.231782773
   vertex 0.784418386 0.146203076 0.276768335
  endloop
 endfacet
 facet normal -0.646996639 0.754829412 -0.107832773
  outer loop
   vertex 0.806911167 0.146203076 0.141811649
   vertex 0.784418386 0.146203076 0.276768335
   vertex 0.716940043 0.078724733 0.209289992
  endloop
 endfacet
 facet normal 0.050325766 0.997464102 -0.050325766
  outer loop
   vertex 0.447026672 0.011246390 0.006854963
   vertex 0.581983358 0.011246390 0.141811649
   vertex 0.450029390 0.017823165 0.140210318
  endloop
 endfacet
 facet normal 0.998951526 -0.040947266 -0.020473633
  outer loop
   vertex 0.447026672 0.011246390 0.006854963
   vertex 0.450029390 0.017823165 0.140210318
   vertex 0.447026672 0.033739171 -0.038130598
  endloop
 endfacet
 facet normal -0.425628265 0.595879572 0.681005225
  outer loop
   vertex 0.649461701 0.078724733 -0.015637817
   vertex 0.671954482 0.146203076 -0.060623379
   vertex 0.739432824 0.168695857 -0.038130598
  endloop
 endfacet
 facet normal -0.217584455 0.590586379 0.777087340
  outer loop
   vertex 0.649461701 0.078724733 -0.015637817
   vertex 0.447026672 0.033739171 -0.038130598
   vertex 0.671954482 0.146203076 -0.060623379
  endloop
 endfacet
 facet normal -0.739940073 0.403603676 -0.538138235
  outer loop
   vertex 0.829403948 0.258666981 0.299261116
   vertex 0.784418386 0.236174200 0.344246677
   vertex 0.784418386 0.146203076 0.276768335
  endloop
 endfacet
 facet normal -0.816496581 0.408248290 -0.408248290
  outer loop
   vertex 0.829403948 0.258666981 0.299261116
   vertex 0.784418386 0.146203076 0.276768335
   vertex 0.851896729 0.236174200 0.231782773
  endloop
 endfacet
 facet normal -0.948683298 0.000000000 -0.316227766
  outer loop
   vertex 0.829403948 0.258666981 0.299261116
   vertex 0.851896729 0.236174200 0.231782773
   vertex 0.829403948 0.371130885 0.299261116
  endloop
 endfacet
 facet normal -0.707106781 -0.000000000 -0.707106781
  outer loop
   vertex 0.829403948 0.258666981 0.299261116
   vertex 0.829403948 0.371130885 0.299261116
   vertex 0.784418386 0.236174200 0.344246677
  endloop
 endfacet
 facet normal -0.468521286 0.624695048 0.624695048
  outer loop
   vertex 0.739432824 0.123710295 0.006854963
   vertex 0.649461701 0.078724733 -0.015637817
   vertex 0.739432824 0.168695857 -0.038130598
  endloop
 endfacet
 facet normal -0.688247202 0.688247202 0.229415734
  outer loop
   vertex 0.739432824 0.123710295 0.006854963
   vertex 0.829403948 0.191188638 0.074333306
   vertex 0.806911167 0.146203076 0.141811649
  endloop
 endfacet
 facet normal -0.727606875 0.485071250 0.485071250
  outer loop
   vertex 0.739432824 0.123710295 0.006854963
   vertex 0.829403948 0.236174200 0.029347744
   vertex 0.829403948 0.191188638 0.074333306
  endloop
 endfacet
 facet normal -0.727606875 0.485071250 0.485071250
  outer loop
   vertex 0.739432824 0.123710295 0.006854963
   vertex 0.739432824 0.168695857 -0.038130598
   vertex 0.829403948 0.236174200 0.029347744
  endloop
 endfacet
 facet normal -0.000000000 1.000000000 0.000000000
  outer loop
   vertex 0.559490577 0.011246390 0.051840525
   vertex 0.581983358 0.011246390 0.141811649
   vertex 0.447026672 0.011246390 0.006854963
  endloop
 endfacet
 facet normal -0.176090181 0.880450906 0.440225453
  outer loop
   vertex 0.559490577 0.011246390 0.051840525
   vertex 0.447026672 0.011246390 0.006854963
   vertex 0.447026672 0.033739171 -0.038130598
  endloop
 endfacet
 facet normal -0.240277815 0.827623585 0.507253165
  outer loop
   vertex 0.559490577 0.011246390 0.051840525
   vertex 0.447026672 0.033739171 -0.038130598
   vertex 0.649461701 0.078724733 -0.015637817
  endloop
 endfacet
 facet normal -0.688247202 0.688247202 0.229415734
  outer loop
   vertex 0.716940043 0.078724733 0.074333306
   vertex 0.739432824 0.123710295 0.006854963
   vertex 0.806911167 0.146203076 0.141811649
  endloop
 endfacet
 facet normal -0.600000000 0.800000000 0.000000000
  outer loop
   vertex 0.716940043 0.078724733 0.074333306
   vertex 0.806911167 0.146203076 0.141811649
   vertex 0.716940043 0.078724733 0.209289992
  endloop
 endfacet
 facet normal -0.447213595 0.894427191 0.000000000
  outer loop
   vertex 0.716940043 0.078724733 0.074333306
   vertex 0.716940043 0.078724733 0.209289992
   vertex 0.581983358 0.011246390 0.141811649
  endloop
 endfacet
 facet normal -0.404061018 0.909137290 0.101015254
  outer loop
   vertex 0.716940043 0.078724733 0.074333306
   vertex 0.581983358 0.011246390 0.141811649
   vertex 0.559490577 0.011246390 0.051840525
  endloop
 endfacet
 facet normal -0.411596604 0.857492926 0.308697453
  outer loop
   vertex 0.716940043 0.078724733 0.074333306
   vertex 0.559490577 0.011246390 0.051840525
   vertex 0.649461701 0.078724733 -0.015637817
  endloop
 endfacet
 facet normal -0.487768609 0.792623989 0.365826457
  outer loop
   vertex 0.716940043 0.078724733 0.074333306
   vertex 0.649461701 0.078724733 -0.015637817
   vertex 0.739432824 0.123710295 0.006854963
  endloop
 endfacet
endsolid app/meshes/bunny010
solid app/meshes/bunny011
 facet normal 0.702036662 -0.550000775 0.452375589
  outer loop
   vertex -0.812569060 1.270842123 0.119318868
   vertex -0.655119593 1.360813246 -0.015637817
   vertex -0.648191171 1.296501096 -0.104581033
  endloop
 endfacet
 facet normal -0.908822698 0.159720806 0.385396637
  outer loop
   vertex -0.387612860 1.089655361 -0.012741493
   vertex -0.407699003 1.090899875 -0.060623379
   vertex -0.359704488 1.295183607 -0.032106933
  endloop
 endfacet
 facet normal -0.955484946 -0.271179385 -0.116233638
  outer loop
   vertex -0.407699003 1.293334904 0.366739458
   vertex -0.359704488 1.295183607 -0.032106933
   vertex -0.400454548 1.389148850 0.083648131
  endloop
 endfacet
 facet normal -0.789588658 -0.574828530 -0.214760128
  outer loop
   vertex -0.407699003 1.293334904 0.366739458
   vertex -0.400454548 1.389148850 0.083648131
   vertex -0.430191784 1.315827685 0.389232239
  endloop
 endfacet
 facet normal -0.537052697 0.008428343 0.843506588
  outer loop
   vertex -0.475177346 1.293334904 -0.105608941
   vertex -0.359704488 1.295183607 -0.032106933
   vertex -0.407699003 1.090899875 -0.060623379
  endloop
 endfacet
 facet normal -0.548121779 0.737483504 0.394563806
  outer loop
   vertex -0.475177346 0.776000942 0.434217801
   vertex -0.678182995 0.866104830 -0.016208584
   vertex -0.407699003 1.090899875 -0.060623379
  endloop
 endfacet
 facet normal -0.702599655 0.639847332 0.311366531
  outer loop
   vertex -0.475177346 0.776000942 0.434217801
   vertex -0.407699003 1.090899875 -0.060623379
   vertex -0.387612860 1.089655361 -0.012741493
  endloop
 endfacet
 facet normal -0.012152723 -0.935759658 -0.352428962
  outer loop
   vertex -0.632626812 1.360813246 0.276768335
   vertex -0.655119593 1.293334904 0.456710582
   vertex -0.430191784 1.315827685 0.389232239
  endloop
 endfacet
 facet normal -0.081606218 -0.967326947 -0.240039586
  outer loop
   vertex -0.632626812 1.360813246 0.276768335
   vertex -0.430191784 1.315827685 0.389232239
   vertex -0.400454548 1.389148850 0.083648131
  endloop
 endfacet
 facet normal 0.698297249 -0.567366515 0.436435780
  outer loop
   vertex -0.790076279 1.315827685 0.141811649
   vertex -0.655119593 1.360813246 -0.015637817
   vertex -0.812569060 1.270842123 0.119318868
  endloop
 endfacet
 facet normal 0.292430328 -0.956022225 -0.022494641
  outer loop
   vertex -0.790076279 1.315827685 0.141811649
   vertex -0.632626812 1.360813246 0.276768335
   vertex -0.655119593 1.360813246 -0.015637817
  endloop
 endfacet
 facet normal 0.340502612 -0.936382184 -0.085125653
  outer loop
   vertex -0.790076279 1.315827685 0.141811649
   vertex -0.812569060 1.293334904 0.299261116
   vertex -0.632626812 1.360813246 0.276768335
  endloop
 endfacet
 facet normal -0.461148605 -0.382840352 -0.800484371
  outer loop
   vertex -0.610134032 1.203363780 0.546681706
   vertex -0.520162908 1.000928752 0.591667268
   vertex -0.430191784 1.315827685 0.389232239
  endloop
 endfacet
 facet normal -0.386013759 -0.360279509 -0.849230271
  outer loop
   vertex -0.610134032 1.203363780 0.546681706
   vertex -0.632626812 1.068407094 0.614160049
   vertex -0.520162908 1.000928752 0.591667268
  endloop
 endfacet
 facet normal -0.127385951 -0.732469219 -0.668776243
  outer loop
   vertex -0.610134032 1.203363780 0.546681706
   vertex -0.430191784 1.315827685 0.389232239
   vertex -0.655119593 1.293334904 0.456710582
  endloop
 endfacet
 facet normal 0.211999576 -0.635998728 -0.741998516
  outer loop
   vertex -0.722597936 1.113392656 0.591667268
   vertex -0.610134032 1.203363780 0.546681706
   vertex -0.655119593 1.293334904 0.456710582
  endloop
 endfacet
 facet normal 0.000000000 -0.447213595 -0.894427191
  outer loop
   vertex -0.722597936 1.113392656 0.591667268
   vertex -0.632626812 1.068407094 0.614160049
   vertex -0.610134032 1.203363780 0.546681706
  endloop
 endfacet
 facet normal -0.990399115 0.136527281 0.021677066
  outer loop
   vertex -0.408101097 0.874976795 0.403271845
   vertex -0.387612860 1.089655361 -0.012741493
   vertex -0.359704488 1.295183607 -0.032106933
  endloop
 endfacet
 facet normal -0.995772015 0.088242231 -0.025522611
  outer loop
   vertex -0.408101097 0.874976795 0.403271845
   vertex -0.359704488 1.295183607 -0.032106933
   vertex -0.407699003 0.888464847 0.434217801
  endloop
 endfacet
 facet normal -0.755491914 0.596629267 0.270675979
  outer loop
   vertex -0.408101097 0.874976795 0.403271845
   vertex -0.475177346 0.776000942 0.434217801
   vertex -0.387612860 1.089655361 -0.012741493
  endloop
 endfacet
 facet normal -0.995753966 0.013018478 -0.091129349
  outer loop
   vertex -0.407699003 1.045914313 0.456710582
   vertex -0.407699003 0.888464847 0.434217801
   vertex -0.359704488 1.295183607 -0.032106933
  endloop
 endfacet
 facet normal -0.991874986 -0.043475322 -0.119557136
  outer loop
   vertex -0.407699003 1.045914313 0.456710582
   vertex -0.359704488 1.295183607 -0.032106933
   vertex -0.407699003 1.293334904 0.366739458
  endloop
 endfacet
 facet normal -0.788382497 -0.210235332 -0.578147164
  outer loop
   vertex -0.407699003 1.045914313 0.456710582
   vertex -0.407699003 1.293334904 0.366739458
   vertex -0.430191784 1.315827685 0.389232239
  endloop
 endfacet
 facet normal -0.710005860 -0.225910955 -0.666975202
  outer loop
   vertex -0.407699003 1.045914313 0.456710582
   vertex -0.430191784 1.315827685 0.389232239
   vertex -0.520162908 1.000928752 0.591667268
  endloop
 endfacet
 facet normal -0.952918061 -0.284708036 -0.104347992
  outer loop
   vertex -0.394516706 1.400637091 -0.001922004
   vertex -0.400454548 1.389148850 0.083648131
   vertex -0.359704488 1.295183607 -0.032106933
  endloop
 endfacet
 facet normal -0.491028371 -0.385683451 0.781114214
  outer loop
   vertex -0.394516706 1.400637091 -0.001922004
   vertex -0.359704488 1.295183607 -0.032106933
   vertex -0.475177346 1.293334904 -0.105608941
  endloop
 endfacet
 facet normal 0.010910408 -0.991148366 -0.132309789
  outer loop
   vertex -0.394516706 1.400637091 -0.001922004
   vertex -0.632626812 1.360813246 0.276768335
   vertex -0.400454548 1.389148850 0.083648131
  endloop
 endfacet
 facet normal 0.151650312 -0.988365368 -0.011665409
  outer loop
   vertex -0.394516706 1.400637091 -0.001922004
   vertex -0.655119593 1.360813246 -0.015637817
   vertex -0.632626812 1.360813246 0.276768335
  endloop
 endfacet
 facet normal -0.008365642 -0.691605237 0.722227258
  outer loop
   vertex -0.394516706 1.400637091 -0.001922004
   vertex -0.475177346 1.293334904 -0.105608941
   vertex -0.648191171 1.296501096 -0.104581033
  endloop
 endfacet
 facet normal 0.091833943 -0.803518484 0.588153529
  outer loop
   vertex -0.394516706 1.400637091 -0.001922004
   vertex -0.648191171 1.296501096 -0.104581033
   vertex -0.655119593 1.360813246 -0.015637817
  endloop
 endfacet
 facet normal 0.007062069 0.061879599 0.998058637
  outer loop
   vertex -0.529531481 1.197707448 -0.099295443
   vertex -0.648191171 1.296501096 -0.104581033
   vertex -0.475177346 1.293334904 -0.105608941
  endloop
 endfacet
 facet normal 0.114377931 0.189551491 0.975186096
  outer loop
   vertex -0.529531481 1.197707448 -0.099295443
   vertex -0.767583498 0.910957628 -0.015637817
   vertex -0.648191171 1.296501096 -0.104581033
  endloop
 endfacet
 facet normal 0.105113967 0.197109190 0.974730230
  outer loop
   vertex -0.529531481 1.197707448 -0.099295443
   vertex -0.678182995 0.866104830 -0.016208584
   vertex -0.767583498 0.910957628 -0.015637817
  endloop
 endfacet
 facet normal -0.168483243 0.159980134 0.972635468
  outer loop
   vertex -0.529531481 1.197707448 -0.099295443
   vertex -0.475177346 1.293334904 -0.105608941
   vertex -0.407699003 1.090899875 -0.060623379
  endloop
 endfacet
 facet normal -0.067390441 0.270816454 0.960269221
  outer loop
   vertex -0.529531481 1.197707448 -0.099295443
   vertex -0.407699003 1.090899875 -0.060623379
   vertex -0.678182995 0.866104830 -0.016208584
  endloop
 endfacet
 facet normal 0.224221963 0.435826688 0.871653377
  outer loop
   vertex -0.767583498 0.865972066 0.006854963
   vertex -0.767583498 0.910957628 -0.015637817
   vertex -0.678182995 0.866104830 -0.016208584
  endloop
 endfacet
 facet normal 0.830454799 0.249136440 0.498272879
  outer loop
   vertex -0.767583498 0.865972066 0.006854963
   vertex -0.835061841 0.865972066 0.119318868
   vertex -0.767583498 0.910957628 -0.015637817
  endloop
 endfacet
 facet normal 0.802972721 -0.176503245 0.569281489
  outer loop
   vertex -0.835061841 1.023421532 0.074333306
   vertex -0.812569060 1.270842123 0.119318868
   vertex -0.648191171 1.296501096 -0.104581033
  endloop
 endfacet
 facet normal 0.747393409 -0.079272350 0.659635495
  outer loop
   vertex -0.835061841 1.023421532 0.074333306
   vertex -0.648191171 1.296501096 -0.104581033
   vertex -0.767583498 0.910957628 -0.015637817
  endloop
 endfacet
 facet normal 0.867001630 0.136894994 0.479132480
  outer loop
   vertex -0.835061841 1.023421532 0.074333306
   vertex -0.767583498 0.910957628 -0.015637817
   vertex -0.835061841 0.865972066 0.119318868
  endloop
 endfacet
 facet normal 0.987706827 0.042943775 0.150303213
  outer loop
   vertex -0.835061841 1.023421532 0.074333306
   vertex -0.835061841 0.865972066 0.119318868
   vertex -0.857554622 1.068407094 0.209289992
  endloop
 endfacet
 facet normal 0.566427714 0.823911027 -0.018173200
  outer loop
   vertex -0.692576772 0.773327930 0.360166231
   vertex -0.790076279 0.843479285 0.501696144
   vertex -0.835061841 0.865972066 0.119318868
  endloop
 endfacet
 facet normal 0.302110706 0.935880123 0.181266423
  outer loop
   vertex -0.692576772 0.773327930 0.360166231
   vertex -0.835061841 0.865972066 0.119318868
   vertex -0.767583498 0.865972066 0.006854963
  endloop
 endfacet
 facet normal 0.060756659 0.968600398 0.241084834
  outer loop
   vertex -0.692576772 0.773327930 0.360166231
   vertex -0.767583498 0.865972066 0.006854963
   vertex -0.678182995 0.866104830 -0.016208584
  endloop
 endfacet
 facet normal -0.091946598 0.967635019 0.235007006
  outer loop
   vertex -0.692576772 0.773327930 0.360166231
   vertex -0.678182995 0.866104830 -0.016208584
   vertex -0.475177346 0.776000942 0.434217801
  endloop
 endfacet
 facet normal -0.768221280 0.000000000 -0.640184400
  outer loop
   vertex -0.520162908 0.910957628 0.591667268
   vertex -0.407699003 1.045914313 0.456710582
   vertex -0.520162908 1.000928752 0.591667268
  endloop
 endfacet
 facet normal -0.805160620 0.083870898 -0.587096285
  outer loop
   vertex -0.520162908 0.910957628 0.591667268
   vertex -0.407699003 0.888464847 0.434217801
   vertex -0.407699003 1.045914313 0.456710582
  endloop
 endfacet
 facet normal 0.801783726 -0.534522484 0.267261242
  outer loop
   vertex -0.835061841 1.270842123 0.186797211
   vertex -0.790076279 1.315827685 0.141811649
   vertex -0.812569060 1.270842123 0.119318868
  endloop
 endfacet
 facet normal 0.707106781 -0.707106781 0.000000000
  outer loop
   vertex -0.835061841 1.270842123 0.186797211
   vertex -0.812569060 1.293334904 0.299261116
   vertex -0.790076279 1.315827685 0.141811649
  endloop
 endfacet
 facet normal 0.977504440 -0.087277182 0.192009801
  outer loop
   vertex -0.835061841 1.270842123 0.186797211
   vertex -0.835061841 1.023421532 0.074333306
   vertex -0.857554622 1.068407094 0.209289992
  endloop
 endfacet
 facet normal 0.939032149 -0.142277598 0.313010716
  outer loop
   vertex -0.835061841 1.270842123 0.186797211
   vertex -0.812569060 1.270842123 0.119318868
   vertex -0.835061841 1.023421532 0.074333306
  endloop
 endfacet
 facet normal 0.988226363 -0.120305818 -0.094526000
  outer loop
   vertex -0.835061841 1.270842123 0.186797211
   vertex -0.857554622 1.068407094 0.209289992
   vertex -0.835061841 1.023421532 0.501696144
  endloop
 endfacet
 facet normal 0.968283971 -0.196463414 -0.154364111
  outer loop
   vertex -0.835061841 1.270842123 0.186797211
   vertex -0.835061841 1.023421532 0.501696144
   vertex -0.812569060 1.293334904 0.299261116
  endloop
 endfacet
 facet normal 0.152723807 0.880301010 -0.449160963
  outer loop
   vertex -0.474705011 0.770477971 0.465855028
   vertex -0.655119593 0.865972066 0.591667268
   vertex -0.790076279 0.843479285 0.501696144
  endloop
 endfacet
 facet normal -0.762877274 0.276539212 -0.584417940
  outer loop
   vertex -0.474705011 0.770477971 0.465855028
   vertex -0.407699003 0.888464847 0.434217801
   vertex -0.520162908 0.910957628 0.591667268
  endloop
 endfacet
 facet normal -0.875096490 0.447701808 -0.183764042
  outer loop
   vertex -0.474705011 0.770477971 0.465855028
   vertex -0.408101097 0.874976795 0.403271845
   vertex -0.407699003 0.888464847 0.434217801
  endloop
 endfacet
 facet normal -0.805611605 0.581463500 0.113534749
  outer loop
   vertex -0.474705011 0.770477971 0.465855028
   vertex -0.475177346 0.776000942 0.434217801
   vertex -0.408101097 0.874976795 0.403271845
  endloop
 endfacet
 facet normal -0.070859563 0.982445981 0.172565398
  outer loop
   vertex -0.474705011 0.770477971 0.465855028
   vertex -0.692576772 0.773327930 0.360166231
   vertex -0.475177346 0.776000942 0.434217801
  endloop
 endfacet
 facet normal 0.175740191 0.924833462 -0.337340263
  outer loop
   vertex -0.474705011 0.770477971 0.465855028
   vertex -0.790076279 0.843479285 0.501696144
   vertex -0.692576772 0.773327930 0.360166231
  endloop
 endfacet
 facet normal 0.796304175 0.602083645 -0.058266159
  outer loop
   vertex -0.857554622 0.910957628 0.276768335
   vertex -0.835061841 0.865972066 0.119318868
   vertex -0.790076279 0.843479285 0.501696144
  endloop
 endfacet
 facet normal 0.829184989 0.552789993 -0.082918499
  outer loop
   vertex -0.857554622 0.910957628 0.276768335
   vertex -0.790076279 0.843479285 0.501696144
   vertex -0.835061841 0.910957628 0.501696144
  endloop
 endfacet
 facet normal 0.990548916 0.054029941 0.126069862
  outer loop
   vertex -0.857554622 0.910957628 0.276768335
   vertex -0.857554622 1.068407094 0.209289992
   vertex -0.835061841 0.865972066 0.119318868
  endloop
 endfacet
 facet normal 0.995037190 0.000000000 -0.099503719
  outer loop
   vertex -0.857554622 0.910957628 0.276768335
   vertex -0.835061841 0.910957628 0.501696144
   vertex -0.835061841 1.023421532 0.501696144
  endloop
 endfacet
 facet normal 0.996010165 -0.035153300 -0.082024367
  outer loop
   vertex -0.857554622 0.910957628 0.276768335
   vertex -0.835061841 1.023421532 0.501696144
   vertex -0.857554622 1.068407094 0.209289992
  endloop
 endfacet
 facet normal 0.683763459 0.455842306 -0.569802882
  outer loop
   vertex -0.767583498 0.865972066 0.546681706
   vertex -0.835061841 0.910957628 0.501696144
   vertex -0.790076279 0.843479285 0.501696144
  endloop
 endfacet
 facet normal 0.207390339 0.829561356 -0.518475847
  outer loop
   vertex -0.767583498 0.865972066 0.546681706
   vertex -0.790076279 0.843479285 0.501696144
   vertex -0.655119593 0.865972066 0.591667268
  endloop
 endfacet
 facet normal 0.392045389 -0.641528819 -0.659349064
  outer loop
   vertex -0.767583498 1.270842123 0.411725020
   vertex -0.722597936 1.113392656 0.591667268
   vertex -0.655119593 1.293334904 0.456710582
  endloop
 endfacet
 facet normal 0.832271849 -0.375338285 -0.407976397
  outer loop
   vertex -0.767583498 1.270842123 0.411725020
   vertex -0.812569060 1.293334904 0.299261116
   vertex -0.835061841 1.023421532 0.501696144
  endloop
 endfacet
 facet normal 0.301511345 -0.904534034 -0.301511345
  outer loop
   vertex -0.767583498 1.270842123 0.411725020
   vertex -0.632626812 1.360813246 0.276768335
   vertex -0.812569060 1.293334904 0.299261116
  endloop
 endfacet
 facet normal 0.301511345 -0.904534034 -0.301511345
  outer loop
   vertex -0.767583498 1.270842123 0.411725020
   vertex -0.655119593 1.293334904 0.456710582
   vertex -0.632626812 1.360813246 0.276768335
  endloop
 endfacet
 facet normal 0.707106781 0.000000000 -0.707106781
  outer loop
   vertex -0.790076279 1.068407094 0.546681706
   vertex -0.835061841 1.023421532 0.501696144
   vertex -0.835061841 0.910957628 0.501696144
  endloop
 endfacet
 facet normal 0.815892440 -0.380749805 -0.435142635
  outer loop
   vertex -0.790076279 1.068407094 0.546681706
   vertex -0.767583498 1.270842123 0.411725020
   vertex -0.835061841 1.023421532 0.501696144
  endloop
 endfacet
 facet normal 0.683763459 -0.455842306 -0.569802882
  outer loop
   vertex -0.790076279 1.068407094 0.546681706
   vertex -0.722597936 1.113392656 0.591667268
   vertex -0.767583498 1.270842123 0.411725020
  endloop
 endfacet
 facet normal 0.162221421 -0.162221421 -0.973328527
  outer loop
   vertex -0.700105155 1.000928752 0.614160049
   vertex -0.632626812 1.068407094 0.614160049
   vertex -0.722597936 1.113392656 0.591667268
  endloop
 endfacet
 facet normal 0.357770876 0.268328157 -0.894427191
  outer loop
   vertex -0.700105155 1.000928752 0.614160049
   vertex -0.767583498 0.865972066 0.546681706
   vertex -0.655119593 0.865972066 0.591667268
  endloop
 endfacet
 facet normal 0.576018433 -0.048001536 -0.816026113
  outer loop
   vertex -0.700105155 1.000928752 0.614160049
   vertex -0.722597936 1.113392656 0.591667268
   vertex -0.790076279 1.068407094 0.546681706
  endloop
 endfacet
 facet normal 0.621223370 0.046016546 -0.782281281
  outer loop
   vertex -0.700105155 1.000928752 0.614160049
   vertex -0.790076279 1.068407094 0.546681706
   vertex -0.835061841 0.910957628 0.501696144
  endloop
 endfacet
 facet normal 0.597022314 0.099503719 -0.796029752
  outer loop
   vertex -0.700105155 1.000928752 0.614160049
   vertex -0.835061841 0.910957628 0.501696144
   vertex -0.767583498 0.865972066 0.546681706
  endloop
 endfacet
 facet normal -0.447213595 -0.000000000 -0.894427191
  outer loop
   vertex -0.565148470 0.910957628 0.614160049
   vertex -0.520162908 0.910957628 0.591667268
   vertex -0.520162908 1.000928752 0.591667268
  endloop
 endfacet
 facet normal -0.258374715 -0.110732021 -0.959677512
  outer loop
   vertex -0.565148470 0.910957628 0.614160049
   vertex -0.520162908 1.000928752 0.591667268
   vertex -0.632626812 1.068407094 0.614160049
  endloop
 endfacet
 facet normal 0.000000000 0.000000000 -1.000000000
  outer loop
   vertex -0.565148470 0.910957628 0.614160049
   vertex -0.632626812 1.068407094 0.614160049
   vertex -0.700105155 1.000928752 0.614160049
  endloop
 endfacet
 facet normal 0.138342893 0.207514339 -0.968400249
  outer loop
   vertex -0.565148470 0.910957628 0.614160049
   vertex -0.700105155 1.000928752 0.614160049
   vertex -0.655119593 0.865972066 0.591667268
  endloop
 endfacet
 facet normal -0.373878900 0.548701048 -0.747757800
  outer loop
   vertex -0.565148470 0.910957628 0.614160049
   vertex -0.474705011 0.770477971 0.465855028
   vertex -0.520162908 0.910957628 0.591667268
  endloop
 endfacet
 facet normal -0.152839080 0.669251582 -0.727146846
  outer loop
   vertex -0.565148470 0.910957628 0.614160049
   vertex -0.655119593 0.865972066 0.591667268
   vertex -0.474705011 0.770477971 0.465855028
  endloop
 endfacet
endsolid app/meshes/bunny011
solid app/meshes/bunny012
 facet normal -0.176213910 -0.981066545 -0.080356038
  outer loop
   vertex -0.191832932 0.321625983 -0.133394679
   vertex -0.340721474 0.348050311 -0.129509369
   vertex -0.340391824 0.303650717 0.411842204
  endloop
 endfacet
 facet normal 0.065751502 0.012676368 0.997755506
  outer loop
   vertex -0.253768918 0.007268599 -0.130909899
   vertex -0.339292362 0.003989685 -0.125232296
   vertex -0.340721474 0.348050311 -0.129509369
  endloop
 endfacet
 facet normal 0.026559744 0.002668589 0.999643666
  outer loop
   vertex -0.253768918 0.007268599 -0.130909899
   vertex -0.340721474 0.348050311 -0.129509369
   vertex -0.191832932 0.321625983 -0.133394679
  endloop
 endfacet
 facet normal -0.032776058 0.996128871 0.081565943
  outer loop
   vertex -0.253768918 0.007268599 -0.130909899
   vertex -0.137785632 -0.011246390 0.141811649
   vertex -0.339292362 0.003989685 -0.125232296
  endloop
 endfacet
 facet normal -0.779176052 -0.072753345 -0.622568575
  outer loop
   vertex -0.128073026 0.070372216 0.597723295
   vertex -0.137785632 0.033739171 0.614160049
   vertex 0.020193879 0.064235586 0.412876892
  endloop
 endfacet
 facet normal -0.717658592 -0.411262564 -0.561986875
  outer loop
   vertex -0.128073026 0.070372216 0.597723295
   vertex 0.020193879 0.064235586 0.412876892
   vertex -0.129244711 0.153765584 0.538192188
  endloop
 endfacet
 facet normal 0.075183972 -0.578663799 -0.812093331
  outer loop
   vertex -0.128073026 0.070372216 0.597723295
   vertex -0.129244711 0.153765584 0.538192188
   vertex -0.340391824 0.303650717 0.411842204
  endloop
 endfacet
 facet normal -0.313676212 -0.942351927 -0.116533601
  outer loop
   vertex -0.137959136 0.235578809 0.417414633
   vertex -0.191832932 0.321625983 -0.133394679
   vertex -0.340391824 0.303650717 0.411842204
  endloop
 endfacet
 facet normal -0.257330937 -0.808568931 -0.529147496
  outer loop
   vertex -0.137959136 0.235578809 0.417414633
   vertex -0.340391824 0.303650717 0.411842204
   vertex -0.129244711 0.153765584 0.538192188
  endloop
 endfacet
 facet normal -0.686668857 -0.623927437 -0.373095743
  outer loop
   vertex -0.137959136 0.235578809 0.417414633
   vertex -0.129244711 0.153765584 0.538192188
   vertex 0.020193879 0.064235586 0.412876892
  endloop
 endfacet
 facet normal -0.734849139 -0.677380570 -0.033945634
  outer loop
   vertex -0.137959136 0.235578809 0.417414633
   vertex 0.020193879 0.064235586 0.412876892
   vertex -0.191832932 0.321625983 -0.133394679
  endloop
 endfacet
 facet normal -0.311973498 0.946566036 -0.081763541
  outer loop
   vertex -0.132553777 0.028474714 0.581695341
   vertex -0.137785632 -0.011246390 0.141811649
   vertex 0.020193879 0.064235586 0.412876892
  endloop
 endfacet
 facet normal -0.439049250 0.873014814 -0.212322607
  outer loop
   vertex -0.132553777 0.028474714 0.581695341
   vertex 0.020193879 0.064235586 0.412876892
   vertex -0.137785632 0.033739171 0.614160049
  endloop
 endfacet
 facet normal 0.005866278 0.995924411 -0.090000857
  outer loop
   vertex -0.132553777 0.028474714 0.581695341
   vertex -0.452438672 0.010877754 0.366122110
   vertex -0.137785632 -0.011246390 0.141811649
  endloop
 endfacet
 facet normal 0.048324917 0.987153950 -0.152288479
  outer loop
   vertex -0.132553777 0.028474714 0.581695341
   vertex -0.137785632 0.033739171 0.614160049
   vertex -0.452438672 0.010877754 0.366122110
  endloop
 endfacet
 facet normal 0.226523959 -0.472498985 -0.851722728
  outer loop
   vertex -0.340220660 0.101217514 0.524188925
   vertex -0.128073026 0.070372216 0.597723295
   vertex -0.340391824 0.303650717 0.411842204
  endloop
 endfacet
 facet normal 0.233675452 -0.448933583 -0.862469954
  outer loop
   vertex -0.340220660 0.101217514 0.524188925
   vertex -0.137785632 0.033739171 0.614160049
   vertex -0.128073026 0.070372216 0.597723295
  endloop
 endfacet
 facet normal 0.813005554 -0.580266897 -0.048086352
  outer loop
   vertex -0.452684565 0.168695857 0.141811649
   vertex -0.340391824 0.303650717 0.411842204
   vertex -0.340721474 0.348050311 -0.129509369
  endloop
 endfacet
 facet normal 0.045515971 0.998707135 0.022635237
  outer loop
   vertex -0.452663480 0.003107826 0.141648729
   vertex -0.339292362 0.003989685 -0.125232296
   vertex -0.137785632 -0.011246390 0.141811649
  endloop
 endfacet
 facet normal 0.045529920 0.998363491 -0.034602981
  outer loop
   vertex -0.452663480 0.003107826 0.141648729
   vertex -0.137785632 -0.011246390 0.141811649
   vertex -0.452438672 0.010877754 0.366122110
  endloop
 endfacet
 facet normal 0.999999486 0.000128326 -0.001005929
  outer loop
   vertex -0.452663480 0.003107826 0.141648729
   vertex -0.452438672 0.010877754 0.366122110
   vertex -0.452684565 0.168695857 0.141811649
  endloop
 endfacet
 facet normal 0.924446711 -0.000257451 0.381311175
  outer loop
   vertex -0.452663480 0.003107826 0.141648729
   vertex -0.452684565 0.168695857 0.141811649
   vertex -0.340721474 0.348050311 -0.129509369
  endloop
 endfacet
 facet normal 0.920352073 0.008683347 0.390994453
  outer loop
   vertex -0.452663480 0.003107826 0.141648729
   vertex -0.340721474 0.348050311 -0.129509369
   vertex -0.339292362 0.003989685 -0.125232296
  endloop
 endfacet
 facet normal -0.010488436 0.009969963 0.999895291
  outer loop
   vertex 0.020165374 0.060525328 -0.128567479
   vertex -0.253768918 0.007268599 -0.130909899
   vertex -0.191832932 0.321625983 -0.133394679
  endloop
 endfacet
 facet normal -0.776358438 -0.630276580 0.004359854
  outer loop
   vertex 0.020165374 0.060525328 -0.128567479
   vertex -0.191832932 0.321625983 -0.133394679
   vertex 0.020193879 0.064235586 0.412876892
  endloop
 endfacet
 facet normal -0.189984958 0.970764780 0.146701936
  outer loop
   vertex 0.020165374 0.060525328 -0.128567479
   vertex -0.137785632 -0.011246390 0.141811649
   vertex -0.253768918 0.007268599 -0.130909899
  endloop
 endfacet
 facet normal 0.797114941 0.060957185 -0.600742867
  outer loop
   vertex -0.344898949 0.028385029 0.510591099
   vertex -0.340220660 0.101217514 0.524188925
   vertex -0.452438672 0.010877754 0.366122110
  endloop
 endfacet
 facet normal 0.054554364 0.985600592 -0.160047785
  outer loop
   vertex -0.344898949 0.028385029 0.510591099
   vertex -0.452438672 0.010877754 0.366122110
   vertex -0.137785632 0.033739171 0.614160049
  endloop
 endfacet
 facet normal 0.440171011 0.137392692 -0.887340256
  outer loop
   vertex -0.344898949 0.028385029 0.510591099
   vertex -0.137785632 0.033739171 0.614160049
   vertex -0.340220660 0.101217514 0.524188925
  endloop
 endfacet
 facet normal 0.713449149 -0.339563411 -0.612933113
  outer loop
   vertex -0.448403538 0.154395428 0.368804506
   vertex -0.340220660 0.101217514 0.524188925
   vertex -0.340391824 0.303650717 0.411842204
  endloop
 endfacet
 facet normal 0.818645424 -0.012285587 -0.574167862
  outer loop
   vertex -0.448403538 0.154395428 0.368804506
   vertex -0.452438672 0.010877754 0.366122110
   vertex -0.340220660 0.101217514 0.524188925
  endloop
 endfacet
 facet normal 0.999403716 -0.027714259 -0.020594482
  outer loop
   vertex -0.448403538 0.154395428 0.368804506
   vertex -0.452684565 0.168695857 0.141811649
   vertex -0.452438672 0.010877754 0.366122110
  endloop
 endfacet
 facet normal 0.816055538 -0.575660425 -0.051656899
  outer loop
   vertex -0.448403538 0.154395428 0.368804506
   vertex -0.340391824 0.303650717 0.411842204
   vertex -0.452684565 0.168695857 0.141811649
  endloop
 endfacet
 facet normal -0.991816996 0.127665067 -0.000822612
  outer loop
   vertex 0.019201819 0.055645522 0.275862822
   vertex 0.020165374 0.060525328 -0.128567479
   vertex 0.020193879 0.064235586 0.412876892
  endloop
 endfacet
 facet normal -0.350472668 0.934892761 -0.056075253
  outer loop
   vertex 0.019201819 0.055645522 0.275862822
   vertex 0.020193879 0.064235586 0.412876892
   vertex -0.137785632 -0.011246390 0.141811649
  endloop
 endfacet
 facet normal -0.399269732 0.916777759 0.010110469
  outer loop
   vertex 0.019201819 0.055645522 0.275862822
   vertex -0.137785632 -0.011246390 0.141811649
   vertex 0.020165374 0.060525328 -0.128567479
  endloop
 endfacet
endsolid app/meshes/bunny012
solid app/meshes/bunny013
 facet normal -0.995925932 -0.090169324 -0.001015843
  outer loop
   vertex 0.716940043 0.438609228 0.051840525
   vertex 0.694447263 0.686029818 0.141811649
   vertex 0.716904086 0.437991642 0.141911455
  endloop
 endfacet
 facet normal -0.995893206 -0.090535746 -0.000000000
  outer loop
   vertex 0.716940043 0.438609228 0.051840525
   vertex 0.694447263 0.686029818 0.051840525
   vertex 0.694447263 0.686029818 0.141811649
  endloop
 endfacet
 facet normal 0.189444138 0.314820024 -0.930053370
  outer loop
   vertex 0.443715341 0.061087056 -0.032468787
   vertex 0.671954482 0.438609228 0.141811649
   vertex 0.019663835 0.033739171 -0.128101722
  endloop
 endfacet
 facet normal 0.007725420 0.415270015 -0.909665396
  outer loop
   vertex 0.443715341 0.061087056 -0.032468787
   vertex 0.716904086 0.437991642 0.141911455
   vertex 0.671954482 0.438609228 0.141811649
  endloop
 endfacet
 facet normal 0.002236842 0.001198069 -0.999996781
  outer loop
   vertex 0.588903239 0.848424745 0.142116865
   vertex 0.671954482 0.438609228 0.141811649
   vertex 0.716904086 0.437991642 0.141911455
  endloop
 endfacet
 facet normal 0.343799062 0.070370064 -0.936402829
  outer loop
   vertex 0.588903239 0.848424745 0.142116865
   vertex 0.019663835 0.033739171 -0.128101722
   vertex 0.671954482 0.438609228 0.141811649
  endloop
 endfacet
 facet normal 0.512971966 -0.074788123 -0.855141216
  outer loop
   vertex 0.588903239 0.848424745 0.142116865
   vertex 0.019833026 0.845737067 -0.199015165
   vertex 0.019663835 0.033739171 -0.128101722
  endloop
 endfacet
 facet normal -0.006411357 -0.999806960 0.018572493
  outer loop
   vertex 0.588903239 0.848424745 0.142116865
   vertex 0.447026672 0.843479285 -0.173087284
   vertex 0.019833026 0.845737067 -0.199015165
  endloop
 endfacet
 facet normal -0.008490538 -0.003638802 -0.999957334
  outer loop
   vertex 0.588903239 0.848424745 0.142116865
   vertex 0.694447263 0.686029818 0.141811649
   vertex 0.626968920 0.843479285 0.141811649
  endloop
 endfacet
 facet normal -0.004079174 -0.000771696 -0.999991382
  outer loop
   vertex 0.588903239 0.848424745 0.142116865
   vertex 0.716904086 0.437991642 0.141911455
   vertex 0.694447263 0.686029818 0.141811649
  endloop
 endfacet
 facet normal 0.999441461 -0.003114016 -0.033272636
  outer loop
   vertex 0.014890497 0.018940194 -0.270097917
   vertex 0.019663835 0.033739171 -0.128101722
   vertex 0.019833026 0.845737067 -0.199015165
  endloop
 endfacet
 facet normal 0.783574608 -0.434013796 0.444570419
  outer loop
   vertex 0.042156615 0.843479285 -0.240565627
   vertex 0.019663835 0.618551476 -0.420507874
   vertex 0.019833026 0.845737067 -0.199015165
  endloop
 endfacet
 facet normal -0.408248290 -0.408248290 0.816496581
  outer loop
   vertex 0.559490577 0.776000942 -0.150594503
   vertex 0.289577206 0.641044257 -0.353029531
   vertex 0.447026672 0.843479285 -0.173087284
  endloop
 endfacet
 facet normal -0.469692119 -0.303918430 0.828868446
  outer loop
   vertex 0.559490577 0.776000942 -0.150594503
   vertex 0.581983358 0.618551476 -0.195580065
   vertex 0.289577206 0.641044257 -0.353029531
  endloop
 endfacet
 facet normal -0.753992001 -0.277786527 0.595256843
  outer loop
   vertex 0.559490577 0.776000942 -0.150594503
   vertex 0.604476139 0.798493723 -0.083116160
   vertex 0.581983358 0.618551476 -0.195580065
  endloop
 endfacet
 facet normal 0.083679079 -0.627593089 0.774031476
  outer loop
   vertex 0.109634958 0.686029818 -0.375522312
   vertex 0.019663835 0.618551476 -0.420507874
   vertex 0.042156615 0.843479285 -0.240565627
  endloop
 endfacet
 facet normal -0.928476691 -0.371390676 0.000000000
  outer loop
   vertex 0.649461701 0.798493723 0.029347744
   vertex 0.694447263 0.686029818 0.141811649
   vertex 0.694447263 0.686029818 0.051840525
  endloop
 endfacet
 facet normal -0.918828247 -0.393783535 -0.026252236
  outer loop
   vertex 0.649461701 0.798493723 0.029347744
   vertex 0.626968920 0.843479285 0.141811649
   vertex 0.694447263 0.686029818 0.141811649
  endloop
 endfacet
 facet normal -0.969398183 -0.088127108 0.229130480
  outer loop
   vertex 0.671954482 0.641044257 -0.060623379
   vertex 0.694447263 0.686029818 0.051840525
   vertex 0.716940043 0.438609228 0.051840525
  endloop
 endfacet
 facet normal -0.784285106 -0.255348639 0.565414844
  outer loop
   vertex 0.671954482 0.641044257 -0.060623379
   vertex 0.581983358 0.618551476 -0.195580065
   vertex 0.604476139 0.798493723 -0.083116160
  endloop
 endfacet
 facet normal -0.904534034 -0.301511345 0.301511345
  outer loop
   vertex 0.671954482 0.641044257 -0.060623379
   vertex 0.649461701 0.798493723 0.029347744
   vertex 0.694447263 0.686029818 0.051840525
  endloop
 endfacet
 facet normal -0.877747260 -0.326020411 0.351098904
  outer loop
   vertex 0.671954482 0.641044257 -0.060623379
   vertex 0.604476139 0.798493723 -0.083116160
   vertex 0.649461701 0.798493723 0.029347744
  endloop
 endfacet
 facet normal -0.778498944 -0.544949261 0.311399578
  outer loop
   vertex 0.581983358 0.843479285 -0.060623379
   vertex 0.649461701 0.798493723 0.029347744
   vertex 0.604476139 0.798493723 -0.083116160
  endloop
 endfacet
 facet normal -0.679850617 -0.717620096 0.151077915
  outer loop
   vertex 0.581983358 0.843479285 -0.060623379
   vertex 0.626968920 0.843479285 0.141811649
   vertex 0.649461701 0.798493723 0.029347744
  endloop
 endfacet
 facet normal -0.128558514 -0.991290344 0.028568559
  outer loop
   vertex 0.581983358 0.843479285 -0.060623379
   vertex 0.588903239 0.848424745 0.142116865
   vertex 0.626968920 0.843479285 0.141811649
  endloop
 endfacet
 facet normal -0.020911513 -0.999466362 0.025093816
  outer loop
   vertex 0.581983358 0.843479285 -0.060623379
   vertex 0.447026672 0.843479285 -0.173087284
   vertex 0.588903239 0.848424745 0.142116865
  endloop
 endfacet
 facet normal -0.497245158 -0.629843867 0.596694190
  outer loop
   vertex 0.581983358 0.843479285 -0.060623379
   vertex 0.559490577 0.776000942 -0.150594503
   vertex 0.447026672 0.843479285 -0.173087284
  endloop
 endfacet
 facet normal -0.577350269 -0.577350269 0.577350269
  outer loop
   vertex 0.581983358 0.843479285 -0.060623379
   vertex 0.604476139 0.798493723 -0.083116160
   vertex 0.559490577 0.776000942 -0.150594503
  endloop
 endfacet
 facet normal -0.901689970 0.432375315 0.002604689
  outer loop
   vertex 0.557444290 0.106483388 -0.029822260
   vertex 0.716940043 0.438609228 0.051840525
   vertex 0.716904086 0.437991642 0.141911455
  endloop
 endfacet
 facet normal -0.188932697 0.521819367 -0.831870774
  outer loop
   vertex 0.557444290 0.106483388 -0.029822260
   vertex 0.716904086 0.437991642 0.141911455
   vertex 0.443715341 0.061087056 -0.032468787
  endloop
 endfacet
 facet normal -0.350715519 0.894745451 -0.276458320
  outer loop
   vertex 0.557444290 0.106483388 -0.029822260
   vertex 0.443715341 0.061087056 -0.032468787
   vertex 0.334562768 -0.011246390 -0.128101722
  endloop
 endfacet
 facet normal 0.999981120 -0.005804383 -0.002017241
  outer loop
   vertex 0.017060933 0.439974665 -0.405654360
   vertex 0.014890497 0.018940194 -0.270097917
   vertex 0.019833026 0.845737067 -0.199015165
  endloop
 endfacet
 facet normal 0.999823645 -0.013486192 0.013069083
  outer loop
   vertex 0.017060933 0.439974665 -0.405654360
   vertex 0.019833026 0.845737067 -0.199015165
   vertex 0.019663835 0.618551476 -0.420507874
  endloop
 endfacet
 facet normal -0.004328253 -0.998640878 0.051939034
  outer loop
   vertex 0.312069987 0.843479285 -0.218072846
   vertex 0.042156615 0.843479285 -0.240565627
   vertex 0.019833026 0.845737067 -0.199015165
  endloop
 endfacet
 facet normal -0.006460348 -0.999791298 0.019381045
  outer loop
   vertex 0.312069987 0.843479285 -0.218072846
   vertex 0.019833026 0.845737067 -0.199015165
   vertex 0.447026672 0.843479285 -0.173087284
  endloop
 endfacet
 facet normal -0.062041721 -0.664732728 0.744500655
  outer loop
   vertex 0.312069987 0.843479285 -0.218072846
   vertex 0.109634958 0.686029818 -0.375522312
   vertex 0.042156615 0.843479285 -0.240565627
  endloop
 endfacet
 facet normal -0.271483640 -0.512802431 0.814450919
  outer loop
   vertex 0.312069987 0.843479285 -0.218072846
   vertex 0.447026672 0.843479285 -0.173087284
   vertex 0.289577206 0.641044257 -0.353029531
  endloop
 endfacet
 facet normal -0.232959747 -0.521386100 0.820905775
  outer loop
   vertex 0.312069987 0.843479285 -0.218072846
   vertex 0.289577206 0.641044257 -0.353029531
   vertex 0.109634958 0.686029818 -0.375522312
  endloop
 endfacet
 facet normal -0.204492648 -0.363542486 0.908856214
  outer loop
   vertex 0.109634958 0.573565914 -0.420507874
   vertex 0.109634958 0.686029818 -0.375522312
   vertex 0.289577206 0.641044257 -0.353029531
  endloop
 endfacet
 facet normal -0.182574186 -0.365148372 0.912870929
  outer loop
   vertex 0.109634958 0.573565914 -0.420507874
   vertex 0.019663835 0.618551476 -0.420507874
   vertex 0.109634958 0.686029818 -0.375522312
  endloop
 endfacet
 facet normal -0.171748219 0.362579574 0.915990503
  outer loop
   vertex 0.064649396 0.281159762 -0.398015093
   vertex 0.402041110 0.213681419 -0.308043970
   vertex 0.334562768 0.011246390 -0.240565627
  endloop
 endfacet
 facet normal -0.477788182 -0.135373318 0.867981865
  outer loop
   vertex 0.469519453 0.438609228 -0.285551189
   vertex 0.289577206 0.641044257 -0.353029531
   vertex 0.581983358 0.618551476 -0.195580065
  endloop
 endfacet
 facet normal 0.095347604 0.738540263 -0.667433229
  outer loop
   vertex 0.019663835 -0.011246390 -0.173087284
   vertex 0.334562768 -0.011246390 -0.128101722
   vertex 0.443715341 0.061087056 -0.032468787
  endloop
 endfacet
 facet normal 0.113134415 0.702566938 -0.702566938
  outer loop
   vertex 0.019663835 -0.011246390 -0.173087284
   vertex 0.443715341 0.061087056 -0.032468787
   vertex 0.019663835 0.033739171 -0.128101722
  endloop
 endfacet
 facet normal 0.998594687 0.037474326 -0.037474326
  outer loop
   vertex 0.019663835 -0.011246390 -0.173087284
   vertex 0.019663835 0.033739171 -0.128101722
   vertex 0.014890497 0.018940194 -0.270097917
  endloop
 endfacet
 facet normal -0.487713110 0.418039809 0.766406316
  outer loop
   vertex 0.469519453 0.168695857 -0.240565627
   vertex 0.334562768 0.011246390 -0.240565627
   vertex 0.402041110 0.213681419 -0.308043970
  endloop
 endfacet
 facet normal -0.659268515 0.123612847 0.741677079
  outer loop
   vertex 0.469519453 0.168695857 -0.240565627
   vertex 0.402041110 0.213681419 -0.308043970
   vertex 0.469519453 0.438609228 -0.285551189
  endloop
 endfacet
 facet normal -0.675432275 0.121231434 0.727388604
  outer loop
   vertex 0.469519453 0.168695857 -0.240565627
   vertex 0.469519453 0.438609228 -0.285551189
   vertex 0.626968920 0.371130885 -0.128101722
  endloop
 endfacet
 facet normal -0.375073690 0.898957453 -0.226263618
  outer loop
   vertex 0.402041110 0.011246390 -0.150594503
   vertex 0.557444290 0.106483388 -0.029822260
   vertex 0.334562768 -0.011246390 -0.128101722
  endloop
 endfacet
 facet normal -0.252982213 0.948683298 0.189736660
  outer loop
   vertex 0.402041110 0.011246390 -0.150594503
   vertex 0.334562768 -0.011246390 -0.128101722
   vertex 0.334562768 0.011246390 -0.240565627
  endloop
 endfacet
 facet normal -0.694793644 0.557447603 0.454438073
  outer loop
   vertex 0.402041110 0.011246390 -0.150594503
   vertex 0.469519453 0.168695857 -0.240565627
   vertex 0.557444290 0.106483388 -0.029822260
  endloop
 endfacet
 facet normal -0.659783081 0.565528356 0.494837311
  outer loop
   vertex 0.402041110 0.011246390 -0.150594503
   vertex 0.334562768 0.011246390 -0.240565627
   vertex 0.469519453 0.168695857 -0.240565627
  endloop
 endfacet
 facet normal -0.105135449 0.420541797 0.901160993
  outer loop
   vertex 0.244591644 -0.011246390 -0.240565627
   vertex 0.064649396 0.281159762 -0.398015093
   vertex 0.334562768 0.011246390 -0.240565627
  endloop
 endfacet
 facet normal -0.056168564 0.446335393 0.893101231
  outer loop
   vertex 0.244591644 -0.011246390 -0.240565627
   vertex 0.014890497 0.018940194 -0.270097917
   vertex 0.064649396 0.281159762 -0.398015093
  endloop
 endfacet
 facet normal -0.238095238 0.952380952 0.190476190
  outer loop
   vertex 0.244591644 -0.011246390 -0.240565627
   vertex 0.334562768 0.011246390 -0.240565627
   vertex 0.334562768 -0.011246390 -0.128101722
  endloop
 endfacet
 facet normal -0.000000000 1.000000000 0.000000000
  outer loop
   vertex 0.244591644 -0.011246390 -0.240565627
   vertex 0.334562768 -0.011246390 -0.128101722
   vertex 0.019663835 -0.011246390 -0.173087284
  endloop
 endfacet
 facet normal 0.000000000 0.438438007 0.898761433
  outer loop
   vertex 0.019663835 0.281159762 -0.398015093
   vertex 0.064649396 0.281159762 -0.398015093
   vertex 0.014890497 0.018940194 -0.270097917
  endloop
 endfacet
 facet normal 0.996718231 0.020107500 0.078412089
  outer loop
   vertex 0.019663835 0.281159762 -0.398015093
   vertex 0.014890497 0.018940194 -0.270097917
   vertex 0.017060933 0.439974665 -0.405654360
  endloop
 endfacet
 facet normal 0.748935317 0.044078364 0.661175460
  outer loop
   vertex 0.019663835 0.281159762 -0.398015093
   vertex 0.017060933 0.439974665 -0.405654360
   vertex 0.019663835 0.618551476 -0.420507874
  endloop
 endfacet
 facet normal -0.216970208 0.191444301 0.957221504
  outer loop
   vertex 0.064649396 0.393623666 -0.420507874
   vertex 0.402041110 0.213681419 -0.308043970
   vertex 0.064649396 0.281159762 -0.398015093
  endloop
 endfacet
 facet normal -0.000000000 0.196116135 0.980580676
  outer loop
   vertex 0.064649396 0.393623666 -0.420507874
   vertex 0.064649396 0.281159762 -0.398015093
   vertex 0.019663835 0.281159762 -0.398015093
  endloop
 endfacet
 facet normal 0.315597202 0.063119440 0.946791605
  outer loop
   vertex 0.064649396 0.393623666 -0.420507874
   vertex 0.019663835 0.281159762 -0.398015093
   vertex 0.019663835 0.618551476 -0.420507874
  endloop
 endfacet
 facet normal 0.000000000 0.000000000 1.000000000
  outer loop
   vertex 0.064649396 0.393623666 -0.420507874
   vertex 0.019663835 0.618551476 -0.420507874
   vertex 0.109634958 0.573565914 -0.420507874
  endloop
 endfacet
 facet normal -0.327753876 -0.068282058 0.942292395
  outer loop
   vertex 0.267084425 0.438609228 -0.375522312
   vertex 0.109634958 0.573565914 -0.420507874
   vertex 0.289577206 0.641044257 -0.353029531
  endloop
 endfacet
 facet normal -0.405493863 -0.056318592 0.912361191
  outer loop
   vertex 0.267084425 0.438609228 -0.375522312
   vertex 0.289577206 0.641044257 -0.353029531
   vertex 0.469519453 0.438609228 -0.285551189
  endloop
 endfacet
 facet normal -0.405950182 0.030446264 0.913387910
  outer loop
   vertex 0.267084425 0.438609228 -0.375522312
   vertex 0.469519453 0.438609228 -0.285551189
   vertex 0.402041110 0.213681419 -0.308043970
  endloop
 endfacet
 facet normal -0.228664780 0.057166195 0.971825316
  outer loop
   vertex 0.267084425 0.438609228 -0.375522312
   vertex 0.064649396 0.393623666 -0.420507874
   vertex 0.109634958 0.573565914 -0.420507874
  endloop
 endfacet
 facet normal -0.244533331 0.141076922 0.959323070
  outer loop
   vertex 0.267084425 0.438609228 -0.375522312
   vertex 0.402041110 0.213681419 -0.308043970
   vertex 0.064649396 0.393623666 -0.420507874
  endloop
 endfacet
 facet normal -0.893806707 0.297935569 0.335177515
  outer loop
   vertex 0.581983358 0.236174200 -0.128101722
   vertex 0.626968920 0.371130885 -0.128101722
   vertex 0.716940043 0.438609228 0.051840525
  endloop
 endfacet
 facet normal -0.893963280 0.365572507 0.259203389
  outer loop
   vertex 0.581983358 0.236174200 -0.128101722
   vertex 0.716940043 0.438609228 0.051840525
   vertex 0.557444290 0.106483388 -0.029822260
  endloop
 endfacet
 facet normal -0.755689083 0.251896361 0.604551266
  outer loop
   vertex 0.581983358 0.236174200 -0.128101722
   vertex 0.469519453 0.168695857 -0.240565627
   vertex 0.626968920 0.371130885 -0.128101722
  endloop
 endfacet
 facet normal -0.746356996 0.485885738 0.454825554
  outer loop
   vertex 0.581983358 0.236174200 -0.128101722
   vertex 0.557444290 0.106483388 -0.029822260
   vertex 0.469519453 0.168695857 -0.240565627
  endloop
 endfacet
 facet normal -0.908426338 0.029784470 0.416982582
  outer loop
   vertex 0.626968920 0.528580352 -0.150594503
   vertex 0.671954482 0.641044257 -0.060623379
   vertex 0.716940043 0.438609228 0.051840525
  endloop
 endfacet
 facet normal -0.901735978 0.061134643 0.427942498
  outer loop
   vertex 0.626968920 0.528580352 -0.150594503
   vertex 0.716940043 0.438609228 0.051840525
   vertex 0.626968920 0.371130885 -0.128101722
  endloop
 endfacet
 facet normal -0.815692547 -0.125491161 0.564710225
  outer loop
   vertex 0.626968920 0.528580352 -0.150594503
   vertex 0.581983358 0.618551476 -0.195580065
   vertex 0.671954482 0.641044257 -0.060623379
  endloop
 endfacet
 facet normal -0.680753493 0.103592923 0.725150459
  outer loop
   vertex 0.626968920 0.528580352 -0.150594503
   vertex 0.626968920 0.371130885 -0.128101722
   vertex 0.469519453 0.438609228 -0.285551189
  endloop
 endfacet
 facet normal -0.663791851 0.041486991 0.746765832
  outer loop
   vertex 0.626968920 0.528580352 -0.150594503
   vertex 0.469519453 0.438609228 -0.285551189
   vertex 0.581983358 0.618551476 -0.195580065
  endloop
 endfacet
 facet normal 0.058686205 0.978922100 0.195620683
  outer loop
   vertex 0.017137987 0.004385733 -0.250555569
   vertex 0.244591644 -0.011246390 -0.240565627
   vertex 0.019663835 -0.011246390 -0.173087284
  endloop
 endfacet
 facet normal 0.988678019 0.150039774 -0.001959642
  outer loop
   vertex 0.017137987 0.004385733 -0.250555569
   vertex 0.019663835 -0.011246390 -0.173087284
   vertex 0.014890497 0.018940194 -0.270097917
  endloop
 endfacet
 facet normal 0.029077442 0.803270678 0.594903958
  outer loop
   vertex 0.017137987 0.004385733 -0.250555569
   vertex 0.014890497 0.018940194 -0.270097917
   vertex 0.244591644 -0.011246390 -0.240565627
  endloop
 endfacet
endsolid app/meshes/bunny013
solid app/meshes/bunny014
 facet normal -0.350589333 -0.515433479 -0.781930591
  outer loop
   vertex 0.447026672 0.056231952 0.029347744
   vertex 0.019795455 0.752885127 -0.238317524
   vertex 0.248414809 0.010547177 0.148512622
  endloop
 endfacet
 facet normal -0.750502882 -0.581151238 -0.314656420
  outer loop
   vertex 0.447026672 0.056231952 0.029347744
   vertex 0.455841478 0.132826467 -0.133142294
   vertex 0.019795455 0.752885127 -0.238317524
  endloop
 endfacet
 facet normal -0.996549595 0.081513019 -0.015637519
  outer loop
   vertex 0.447026672 0.056231952 0.029347744
   vertex 0.444390881 0.025054304 0.034803363
   vertex 0.455841478 0.132826467 -0.133142294
  endloop
 endfacet
 facet normal -0.483363356 -0.148825351 -0.862676580
  outer loop
   vertex 0.267084425 -0.011246390 0.141811649
   vertex 0.447026672 0.056231952 0.029347744
   vertex 0.248414809 0.010547177 0.148512622
  endloop
 endfacet
 facet normal -0.497266378 -0.108583442 -0.860776269
  outer loop
   vertex 0.267084425 -0.011246390 0.141811649
   vertex 0.444390881 0.025054304 0.034803363
   vertex 0.447026672 0.056231952 0.029347744
  endloop
 endfacet
 facet normal -0.011496206 0.996939257 0.077330168
  outer loop
   vertex 0.402041110 0.011246390 -0.128101722
   vertex 0.267084425 -0.011246390 0.141811649
   vertex 0.293580017 0.010096060 -0.129395938
  endloop
 endfacet
 facet normal -0.215889732 0.976055170 -0.026606935
  outer loop
   vertex 0.402041110 0.011246390 -0.128101722
   vertex 0.444390881 0.025054304 0.034803363
   vertex 0.267084425 -0.011246390 0.141811649
  endloop
 endfacet
 facet normal -0.015903605 0.726020823 0.687488793
  outer loop
   vertex 0.402041110 0.011246390 -0.128101722
   vertex 0.293580017 0.010096060 -0.129395938
   vertex -0.025321727 0.236174200 -0.375522312
  endloop
 endfacet
 facet normal 0.096936703 0.367449001 -0.924978112
  outer loop
   vertex 0.019369436 0.054435212 0.141943506
   vertex 0.267084425 -0.011246390 0.141811649
   vertex 0.248414809 0.010547177 0.148512622
  endloop
 endfacet
 facet normal -0.810453426 -0.526306451 0.257229011
  outer loop
   vertex 0.019663835 0.686029818 -0.375522312
   vertex 0.019795455 0.752885127 -0.238317524
   vertex 0.455841478 0.132826467 -0.133142294
  endloop
 endfacet
 facet normal -0.759041914 -0.361132992 0.541699488
  outer loop
   vertex 0.019663835 0.686029818 -0.375522312
   vertex 0.455841478 0.132826467 -0.133142294
   vertex 0.019663835 0.618551476 -0.420507874
  endloop
 endfacet
 facet normal -0.503844731 0.057458738 0.861881071
  outer loop
   vertex 0.019663835 0.281159762 -0.398015093
   vertex 0.019663835 0.618551476 -0.420507874
   vertex 0.455841478 0.132826467 -0.133142294
  endloop
 endfacet
 facet normal -0.166586349 0.569170027 0.805167355
  outer loop
   vertex 0.019663835 0.281159762 -0.398015093
   vertex 0.402041110 0.011246390 -0.128101722
   vertex -0.025321727 0.236174200 -0.375522312
  endloop
 endfacet
 facet normal -0.985697607 0.164152687 0.038132954
  outer loop
   vertex 0.447026672 0.078724733 -0.128101722
   vertex 0.455841478 0.132826467 -0.133142294
   vertex 0.444390881 0.025054304 0.034803363
  endloop
 endfacet
 facet normal -0.820377951 0.546918634 0.166913224
  outer loop
   vertex 0.447026672 0.078724733 -0.128101722
   vertex 0.444390881 0.025054304 0.034803363
   vertex 0.402041110 0.011246390 -0.128101722
  endloop
 endfacet
 facet normal -0.472787480 0.157801998 0.866931675
  outer loop
   vertex 0.447026672 0.078724733 -0.128101722
   vertex 0.019663835 0.281159762 -0.398015093
   vertex 0.455841478 0.132826467 -0.133142294
  endloop
 endfacet
 facet normal -0.415775357 0.277183571 0.866198661
  outer loop
   vertex 0.447026672 0.078724733 -0.128101722
   vertex 0.402041110 0.011246390 -0.128101722
   vertex 0.019663835 0.281159762 -0.398015093
  endloop
 endfacet
 facet normal 0.014587469 -0.073132289 -0.997215560
  outer loop
   vertex 0.132127739 0.078724733 0.141811649
   vertex 0.019369436 0.054435212 0.141943506
   vertex 0.248414809 0.010547177 0.148512622
  endloop
 endfacet
 facet normal -0.249604546 -0.506836211 -0.825114916
  outer loop
   vertex 0.132127739 0.078724733 0.141811649
   vertex 0.248414809 0.010547177 0.148512622
   vertex 0.019795455 0.752885127 -0.238317524
  endloop
 endfacet
 facet normal 0.180532899 0.979001426 0.094678826
  outer loop
   vertex 0.019546393 0.060493560 -0.127992660
   vertex 0.293580017 0.010096060 -0.129395938
   vertex 0.267084425 -0.011246390 0.141811649
  endloop
 endfacet
 facet normal 0.256243261 0.966365187 0.021856723
  outer loop
   vertex 0.019546393 0.060493560 -0.127992660
   vertex 0.267084425 -0.011246390 0.141811649
   vertex 0.019369436 0.054435212 0.141943506
  endloop
 endfacet
 facet normal 0.153408438 0.818744152 0.553284614
  outer loop
   vertex 0.019546393 0.060493560 -0.127992660
   vertex -0.025321727 0.236174200 -0.375522312
   vertex 0.293580017 0.010096060 -0.129395938
  endloop
 endfacet
 facet normal 0.712993314 -0.037946533 -0.700143267
  outer loop
   vertex -0.227756756 0.393623666 -0.128101722
   vertex -0.227402653 0.305655707 -0.122973412
   vertex 0.019369436 0.054435212 0.141943506
  endloop
 endfacet
 facet normal 0.515938392 -0.271057626 -0.812610201
  outer loop
   vertex -0.227756756 0.393623666 -0.128101722
   vertex 0.019369436 0.054435212 0.141943506
   vertex -0.252767919 0.664278820 -0.234262539
  endloop
 endfacet
 facet normal 0.563774107 -0.823510795 -0.063156375
  outer loop
   vertex -0.092576472 0.773962241 -0.234479326
   vertex -0.092800070 0.776000942 -0.263058408
   vertex -0.252767919 0.664278820 -0.234262539
  endloop
 endfacet
 facet normal 0.279880310 -0.410477457 -0.867856710
  outer loop
   vertex -0.092576472 0.773962241 -0.234479326
   vertex -0.252767919 0.664278820 -0.234262539
   vertex 0.019369436 0.054435212 0.141943506
  endloop
 endfacet
 facet normal 0.095826280 -0.449671404 -0.888038824
  outer loop
   vertex -0.092576472 0.773962241 -0.234479326
   vertex 0.019369436 0.054435212 0.141943506
   vertex 0.132127739 0.078724733 0.141811649
  endloop
 endfacet
 facet normal -0.123552331 -0.502935872 -0.855447445
  outer loop
   vertex -0.092576472 0.773962241 -0.234479326
   vertex 0.132127739 0.078724733 0.141811649
   vertex 0.019795455 0.752885127 -0.238317524
  endloop
 endfacet
 facet normal 0.000000000 -0.780868809 0.624695048
  outer loop
   vertex -0.025321727 0.776000942 -0.263058408
   vertex 0.019663835 0.686029818 -0.375522312
   vertex -0.092800070 0.776000942 -0.263058408
  endloop
 endfacet
 facet normal -0.573983307 -0.735910938 0.359135427
  outer loop
   vertex -0.025321727 0.776000942 -0.263058408
   vertex 0.019795455 0.752885127 -0.238317524
   vertex 0.019663835 0.686029818 -0.375522312
  endloop
 endfacet
 facet normal -0.177587962 -0.859535118 -0.479230525
  outer loop
   vertex -0.025321727 0.776000942 -0.263058408
   vertex -0.092576472 0.773962241 -0.234479326
   vertex 0.019795455 0.752885127 -0.238317524
  endloop
 endfacet
 facet normal 0.000000000 -0.997465298 -0.071154620
  outer loop
   vertex -0.025321727 0.776000942 -0.263058408
   vertex -0.092800070 0.776000942 -0.263058408
   vertex -0.092576472 0.773962241 -0.234479326
  endloop
 endfacet
 facet normal 0.137360564 -0.549442256 0.824163384
  outer loop
   vertex -0.070307289 0.663537038 -0.375522312
   vertex 0.019663835 0.686029818 -0.375522312
   vertex 0.019663835 0.618551476 -0.420507874
  endloop
 endfacet
 facet normal 0.169030851 -0.507092553 0.845154255
  outer loop
   vertex -0.070307289 0.663537038 -0.375522312
   vertex 0.019663835 0.618551476 -0.420507874
   vertex -0.047814508 0.596058695 -0.420507874
  endloop
 endfacet
 facet normal 0.169906917 -0.679627666 0.713609049
  outer loop
   vertex -0.070307289 0.663537038 -0.375522312
   vertex -0.092800070 0.776000942 -0.263058408
   vertex 0.019663835 0.686029818 -0.375522312
  endloop
 endfacet
 facet normal 0.320750150 -0.449050209 0.833950389
  outer loop
   vertex -0.070307289 0.663537038 -0.375522312
   vertex -0.047814508 0.596058695 -0.420507874
   vertex -0.137785632 0.573565914 -0.398015093
  endloop
 endfacet
 facet normal 0.000000000 0.000000000 1.000000000
  outer loop
   vertex -0.092800070 0.438609228 -0.420507874
   vertex -0.047814508 0.596058695 -0.420507874
   vertex 0.019663835 0.618551476 -0.420507874
  endloop
 endfacet
 facet normal -0.105832698 0.066145436 0.992181546
  outer loop
   vertex -0.092800070 0.438609228 -0.420507874
   vertex 0.019663835 0.618551476 -0.420507874
   vertex 0.019663835 0.281159762 -0.398015093
  endloop
 endfacet
 facet normal 0.196116135 0.274562589 0.941357449
  outer loop
   vertex -0.092800070 0.438609228 -0.420507874
   vertex 0.019663835 0.281159762 -0.398015093
   vertex -0.025321727 0.236174200 -0.375522312
  endloop
 endfacet
 facet normal 0.259259259 -0.074074074 0.962962963
  outer loop
   vertex -0.092800070 0.438609228 -0.420507874
   vertex -0.137785632 0.573565914 -0.398015093
   vertex -0.047814508 0.596058695 -0.420507874
  endloop
 endfacet
 facet normal 0.447213595 0.000000000 0.894427191
  outer loop
   vertex -0.092800070 0.438609228 -0.420507874
   vertex -0.137785632 0.461102009 -0.398015093
   vertex -0.137785632 0.573565914 -0.398015093
  endloop
 endfacet
 facet normal 0.685475280 0.727902374 0.016786135
  outer loop
   vertex -0.167830681 0.236779508 -0.120641831
   vertex 0.019546393 0.060493560 -0.127992660
   vertex 0.019369436 0.054435212 0.141943506
  endloop
 endfacet
 facet normal 0.754941219 0.650020044 -0.086819919
  outer loop
   vertex -0.167830681 0.236779508 -0.120641831
   vertex 0.019369436 0.054435212 0.141943506
   vertex -0.227402653 0.305655707 -0.122973412
  endloop
 endfacet
 facet normal 0.747302968 0.650880737 0.133763002
  outer loop
   vertex -0.137785632 0.236174200 -0.285551189
   vertex -0.167830681 0.236779508 -0.120641831
   vertex -0.227402653 0.305655707 -0.122973412
  endloop
 endfacet
 facet normal 0.388390214 0.783233471 0.485487767
  outer loop
   vertex -0.137785632 0.236174200 -0.285551189
   vertex -0.025321727 0.236174200 -0.375522312
   vertex 0.019546393 0.060493560 -0.127992660
  endloop
 endfacet
 facet normal 0.682655875 0.720529634 0.121729215
  outer loop
   vertex -0.137785632 0.236174200 -0.285551189
   vertex 0.019546393 0.060493560 -0.127992660
   vertex -0.167830681 0.236779508 -0.120641831
  endloop
 endfacet
 facet normal 0.868614455 -0.109293381 -0.483284476
  outer loop
   vertex -0.249698424 0.444490577 -0.179041216
   vertex -0.227756756 0.393623666 -0.128101722
   vertex -0.252767919 0.664278820 -0.234262539
  endloop
 endfacet
 facet normal 0.910673497 -0.020389117 -0.412623394
  outer loop
   vertex -0.249698424 0.444490577 -0.179041216
   vertex -0.227402653 0.305655707 -0.122973412
   vertex -0.227756756 0.393623666 -0.128101722
  endloop
 endfacet
 facet normal 0.885205617 0.289284025 0.364315479
  outer loop
   vertex -0.249698424 0.444490577 -0.179041216
   vertex -0.137785632 0.236174200 -0.285551189
   vertex -0.227402653 0.305655707 -0.122973412
  endloop
 endfacet
 facet normal 0.859786504 0.228371262 0.456742525
  outer loop
   vertex -0.249698424 0.444490577 -0.179041216
   vertex -0.137785632 0.461102009 -0.398015093
   vertex -0.137785632 0.236174200 -0.285551189
  endloop
 endfacet
 facet normal 0.768221280 -0.000000000 0.640184400
  outer loop
   vertex -0.250249537 0.641044257 -0.263058408
   vertex -0.137785632 0.573565914 -0.398015093
   vertex -0.137785632 0.461102009 -0.398015093
  endloop
 endfacet
 facet normal 0.493469221 -0.540466289 0.681457495
  outer loop
   vertex -0.250249537 0.641044257 -0.263058408
   vertex -0.070307289 0.663537038 -0.375522312
   vertex -0.137785632 0.573565914 -0.398015093
  endloop
 endfacet
 facet normal 0.540773362 -0.630902256 0.556351071
  outer loop
   vertex -0.250249537 0.641044257 -0.263058408
   vertex -0.252767919 0.664278820 -0.234262539
   vertex -0.092800070 0.776000942 -0.263058408
  endloop
 endfacet
 facet normal 0.486280509 -0.567327261 0.664583363
  outer loop
   vertex -0.250249537 0.641044257 -0.263058408
   vertex -0.092800070 0.776000942 -0.263058408
   vertex -0.070307289 0.663537038 -0.375522312
  endloop
 endfacet
 facet normal 0.997556182 0.029808228 0.063191243
  outer loop
   vertex -0.250249537 0.641044257 -0.263058408
   vertex -0.249698424 0.444490577 -0.179041216
   vertex -0.252767919 0.664278820 -0.234262539
  endloop
 endfacet
 facet normal 0.866612024 0.198177237 0.457940371
  outer loop
   vertex -0.250249537 0.641044257 -0.263058408
   vertex -0.137785632 0.461102009 -0.398015093
   vertex -0.249698424 0.444490577 -0.179041216
  endloop
 endfacet
 facet normal 0.394369107 0.322665633 0.860441687
  outer loop
   vertex -0.092800070 0.258666981 -0.353029531
   vertex -0.092800070 0.438609228 -0.420507874
   vertex -0.025321727 0.236174200 -0.375522312
  endloop
 endfacet
 facet normal 0.541274614 0.295240699 0.787308530
  outer loop
   vertex -0.092800070 0.258666981 -0.353029531
   vertex -0.137785632 0.461102009 -0.398015093
   vertex -0.092800070 0.438609228 -0.420507874
  endloop
 endfacet
 facet normal 0.745355992 0.298142397 0.596284794
  outer loop
   vertex -0.092800070 0.258666981 -0.353029531
   vertex -0.137785632 0.236174200 -0.285551189
   vertex -0.137785632 0.461102009 -0.398015093
  endloop
 endfacet
 facet normal 0.421637021 0.737864787 0.527046277
  outer loop
   vertex -0.092800070 0.258666981 -0.353029531
   vertex -0.025321727 0.236174200 -0.375522312
   vertex -0.137785632 0.236174200 -0.285551189
  endloop
 endfacet
endsolid app/meshes/bunny014
solid app/meshes/bunny015
 facet normal -0.724368644 0.439129569 0.531465228
  outer loop
   vertex -0.362424750 0.864407414 -0.170195194
   vertex -0.176234949 0.990860202 -0.020908108
   vertex -0.160043501 0.438511196 0.457545317
  endloop
 endfacet
 facet normal -0.999999250 -0.000607576 -0.001063258
  outer loop
   vertex -0.160278413 0.865972066 0.434217801
   vertex -0.160278413 0.708522599 0.524188925
   vertex -0.160043501 0.438511196 0.457545317
  endloop
 endfacet
 facet normal -0.999371655 0.001383593 0.035417242
  outer loop
   vertex -0.160278413 0.865972066 0.434217801
   vertex -0.160043501 0.438511196 0.457545317
   vertex -0.176234949 0.990860202 -0.020908108
  endloop
 endfacet
 facet normal -0.336983649 0.725082399 0.600580998
  outer loop
   vertex -0.710857651 0.445185982 0.140427172
   vertex -0.362424750 0.864407414 -0.170195194
   vertex -0.160043501 0.438511196 0.457545317
  endloop
 endfacet
 facet normal -0.026569489 -0.495963786 -0.867936625
  outer loop
   vertex -0.475177346 0.843479285 0.456710582
   vertex -0.160278413 0.708522599 0.524188925
   vertex -0.160278413 0.865972066 0.434217801
  endloop
 endfacet
 facet normal -0.534710394 0.202054554 -0.820523462
  outer loop
   vertex -0.227756756 0.438609228 0.501696144
   vertex -0.160043501 0.438511196 0.457545317
   vertex -0.160278413 0.708522599 0.524188925
  endloop
 endfacet
 facet normal 0.110602033 0.517002342 0.848808441
  outer loop
   vertex -0.520162908 0.865972066 -0.150594503
   vertex -0.452684565 0.888464847 -0.173087284
   vertex -0.362424750 0.864407414 -0.170195194
  endloop
 endfacet
 facet normal 0.109656366 0.531300432 0.840056743
  outer loop
   vertex -0.520162908 0.865972066 -0.150594503
   vertex -0.362424750 0.864407414 -0.170195194
   vertex -0.710857651 0.445185982 0.140427172
  endloop
 endfacet
 facet normal -0.086878591 -0.208855174 0.974079887
  outer loop
   vertex -0.362713441 0.955943190 -0.150594503
   vertex -0.362424750 0.864407414 -0.170195194
   vertex -0.452684565 0.888464847 -0.173087284
  endloop
 endfacet
 facet normal -0.376434465 -0.602738639 0.703564657
  outer loop
   vertex -0.362713441 0.955943190 -0.150594503
   vertex -0.452684565 1.090899875 -0.083116160
   vertex -0.176234949 0.990860202 -0.020908108
  endloop
 endfacet
 facet normal -0.539159728 -0.177970240 0.823184901
  outer loop
   vertex -0.362713441 0.955943190 -0.150594503
   vertex -0.176234949 0.990860202 -0.020908108
   vertex -0.362424750 0.864407414 -0.170195194
  endloop
 endfacet
 facet normal 0.338605970 -0.078139839 0.937678070
  outer loop
   vertex -0.655119593 1.090899875 -0.083116160
   vertex -0.452684565 0.888464847 -0.173087284
   vertex -0.520162908 0.865972066 -0.150594503
  endloop
 endfacet
 facet normal 0.044218170 -0.368484752 0.928581575
  outer loop
   vertex -0.655119593 1.090899875 -0.083116160
   vertex -0.362713441 0.955943190 -0.150594503
   vertex -0.452684565 0.888464847 -0.173087284
  endloop
 endfacet
 facet normal 0.000000000 -0.447213595 0.894427191
  outer loop
   vertex -0.655119593 1.090899875 -0.083116160
   vertex -0.452684565 1.090899875 -0.083116160
   vertex -0.362713441 0.955943190 -0.150594503
  endloop
 endfacet
 facet normal -0.012004082 -0.618016402 -0.786073551
  outer loop
   vertex -0.351624156 1.121676532 0.236103231
   vertex -0.475177346 0.843479285 0.456710582
   vertex -0.160278413 0.865972066 0.434217801
  endloop
 endfacet
 facet normal 0.352759478 -0.840207790 -0.411839315
  outer loop
   vertex -0.351624156 1.121676532 0.236103231
   vertex -0.745090717 1.090899875 -0.038130598
   vertex -0.785602686 0.874418940 0.368819348
  endloop
 endfacet
 facet normal 0.145183197 -0.653540414 -0.742836971
  outer loop
   vertex -0.351624156 1.121676532 0.236103231
   vertex -0.785602686 0.874418940 0.368819348
   vertex -0.475177346 0.843479285 0.456710582
  endloop
 endfacet
 facet normal -0.006657871 0.999446273 0.032600910
  outer loop
   vertex -0.700105155 0.438609228 0.344246677
   vertex -0.710857651 0.445185982 0.140427172
   vertex -0.160043501 0.438511196 0.457545317
  endloop
 endfacet
 facet normal 0.730517027 0.125134858 -0.671331618
  outer loop
   vertex -0.632626812 0.573565914 0.479203363
   vertex -0.785602686 0.874418940 0.368819348
   vertex -0.745090717 0.506087571 0.344246677
  endloop
 endfacet
 facet normal 0.439790374 -0.103690698 -0.892094539
  outer loop
   vertex -0.632626812 0.573565914 0.479203363
   vertex -0.520162908 0.663537038 0.524188925
   vertex -0.785602686 0.874418940 0.368819348
  endloop
 endfacet
 facet normal 0.418039809 -0.069673301 -0.905752919
  outer loop
   vertex -0.632626812 0.573565914 0.479203363
   vertex -0.587641251 0.551073133 0.501696144
   vertex -0.520162908 0.663537038 0.524188925
  endloop
 endfacet
 facet normal 0.943070897 -0.323292935 -0.078095841
  outer loop
   vertex -0.804339317 0.874279441 0.143136744
   vertex -0.785602686 0.874418940 0.368819348
   vertex -0.745090717 1.090899875 -0.038130598
  endloop
 endfacet
 facet normal 0.317125601 0.438041478 0.841160518
  outer loop
   vertex -0.767583498 0.483594790 0.141811649
   vertex -0.520162908 0.865972066 -0.150594503
   vertex -0.710857651 0.445185982 0.140427172
  endloop
 endfacet
 facet normal 0.657152077 0.262860831 0.706438483
  outer loop
   vertex -0.745090717 0.910957628 -0.038130598
   vertex -0.767583498 0.483594790 0.141811649
   vertex -0.812569060 0.596058695 0.141811649
  endloop
 endfacet
 facet normal 0.474125242 0.320354894 0.820108527
  outer loop
   vertex -0.745090717 0.910957628 -0.038130598
   vertex -0.520162908 0.865972066 -0.150594503
   vertex -0.767583498 0.483594790 0.141811649
  endloop
 endfacet
 facet normal 0.918354447 0.126035612 -0.375153482
  outer loop
   vertex -0.812569060 0.596058695 0.209289992
   vertex -0.745090717 0.506087571 0.344246677
   vertex -0.785602686 0.874418940 0.368819348
  endloop
 endfacet
 facet normal 0.999562802 -0.029566970 0.000000000
  outer loop
   vertex -0.812569060 0.596058695 0.209289992
   vertex -0.804339317 0.874279441 0.143136744
   vertex -0.812569060 0.596058695 0.141811649
  endloop
 endfacet
 facet normal 0.995372632 -0.049084826 -0.082607532
  outer loop
   vertex -0.812569060 0.596058695 0.209289992
   vertex -0.785602686 0.874418940 0.368819348
   vertex -0.804339317 0.874279441 0.143136744
  endloop
 endfacet
 facet normal 0.928476691 0.371390676 -0.000000000
  outer loop
   vertex -0.812569060 0.596058695 0.209289992
   vertex -0.812569060 0.596058695 0.141811649
   vertex -0.767583498 0.483594790 0.141811649
  endloop
 endfacet
 facet normal 0.400582494 -0.034335642 0.915617130
  outer loop
   vertex -0.767583498 0.978435971 -0.038130598
   vertex -0.655119593 1.090899875 -0.083116160
   vertex -0.520162908 0.865972066 -0.150594503
  endloop
 endfacet
 facet normal 0.445435403 -0.089087081 0.890870806
  outer loop
   vertex -0.767583498 0.978435971 -0.038130598
   vertex -0.745090717 1.090899875 -0.038130598
   vertex -0.655119593 1.090899875 -0.083116160
  endloop
 endfacet
 facet normal 0.466477810 0.155492603 0.870758579
  outer loop
   vertex -0.767583498 0.978435971 -0.038130598
   vertex -0.520162908 0.865972066 -0.150594503
   vertex -0.745090717 0.910957628 -0.038130598
  endloop
 endfacet
 facet normal 0.701946457 0.233982152 0.672698688
  outer loop
   vertex -0.767583498 0.978435971 -0.038130598
   vertex -0.745090717 0.910957628 -0.038130598
   vertex -0.812569060 0.596058695 0.141811649
  endloop
 endfacet
 facet normal 0.976962379 -0.195392476 0.085827101
  outer loop
   vertex -0.767583498 0.978435971 -0.038130598
   vertex -0.804339317 0.874279441 0.143136744
   vertex -0.745090717 1.090899875 -0.038130598
  endloop
 endfacet
 facet normal 0.982826709 -0.029939148 0.182085988
  outer loop
   vertex -0.767583498 0.978435971 -0.038130598
   vertex -0.812569060 0.596058695 0.141811649
   vertex -0.804339317 0.874279441 0.143136744
  endloop
 endfacet
 facet normal 0.052270837 -0.993145910 0.104541675
  outer loop
   vertex -0.362713441 1.113392656 -0.015637817
   vertex -0.655119593 1.090899875 -0.083116160
   vertex -0.745090717 1.090899875 -0.038130598
  endloop
 endfacet
 facet normal 0.056916910 -0.997918092 0.030330617
  outer loop
   vertex -0.362713441 1.113392656 -0.015637817
   vertex -0.745090717 1.090899875 -0.038130598
   vertex -0.351624156 1.121676532 0.236103231
  endloop
 endfacet
 facet normal 0.000000000 -0.948683298 0.316227766
  outer loop
   vertex -0.362713441 1.113392656 -0.015637817
   vertex -0.452684565 1.090899875 -0.083116160
   vertex -0.655119593 1.090899875 -0.083116160
  endloop
 endfacet
 facet normal -0.376510160 -0.603240636 0.703093759
  outer loop
   vertex -0.362713441 1.113392656 -0.015637817
   vertex -0.176234949 0.990860202 -0.020908108
   vertex -0.452684565 1.090899875 -0.083116160
  endloop
 endfacet
 facet normal 0.044455422 -0.355643380 -0.933563871
  outer loop
   vertex -0.565148470 0.776000942 0.479203363
   vertex -0.520162908 0.663537038 0.524188925
   vertex -0.160278413 0.708522599 0.524188925
  endloop
 endfacet
 facet normal 0.042253521 -0.366197183 -0.929577465
  outer loop
   vertex -0.565148470 0.776000942 0.479203363
   vertex -0.160278413 0.708522599 0.524188925
   vertex -0.475177346 0.843479285 0.456710582
  endloop
 endfacet
 facet normal 0.183677319 -0.522452990 -0.832649696
  outer loop
   vertex -0.565148470 0.776000942 0.479203363
   vertex -0.475177346 0.843479285 0.456710582
   vertex -0.785602686 0.874418940 0.368819348
  endloop
 endfacet
 facet normal 0.356089817 -0.220763926 -0.907999632
  outer loop
   vertex -0.565148470 0.776000942 0.479203363
   vertex -0.785602686 0.874418940 0.368819348
   vertex -0.520162908 0.663537038 0.524188925
  endloop
 endfacet
 facet normal -0.069249211 0.100026638 -0.992572022
  outer loop
   vertex -0.452684565 0.506087571 0.524188925
   vertex -0.227756756 0.438609228 0.501696144
   vertex -0.160278413 0.708522599 0.524188925
  endloop
 endfacet
 facet normal 0.000000000 -0.000000000 -1.000000000
  outer loop
   vertex -0.452684565 0.506087571 0.524188925
   vertex -0.160278413 0.708522599 0.524188925
   vertex -0.520162908 0.663537038 0.524188925
  endloop
 endfacet
 facet normal 0.190234249 0.081528964 -0.978347565
  outer loop
   vertex -0.452684565 0.506087571 0.524188925
   vertex -0.520162908 0.663537038 0.524188925
   vertex -0.587641251 0.551073133 0.501696144
  endloop
 endfacet
 facet normal 0.534522484 0.267261242 -0.801783726
  outer loop
   vertex -0.610134032 0.461102009 0.456710582
   vertex -0.587641251 0.551073133 0.501696144
   vertex -0.632626812 0.573565914 0.479203363
  endloop
 endfacet
 facet normal 0.667940440 0.272123883 -0.692678974
  outer loop
   vertex -0.610134032 0.461102009 0.456710582
   vertex -0.632626812 0.573565914 0.479203363
   vertex -0.745090717 0.506087571 0.344246677
  endloop
 endfacet
 facet normal 0.657161932 0.438107954 -0.613351136
  outer loop
   vertex -0.610134032 0.461102009 0.456710582
   vertex -0.745090717 0.506087571 0.344246677
   vertex -0.700105155 0.438609228 0.344246677
  endloop
 endfacet
 facet normal 0.560664233 0.828043246 -0.000000000
  outer loop
   vertex -0.767583498 0.483594790 0.231782773
   vertex -0.767583498 0.483594790 0.141811649
   vertex -0.710857651 0.445185982 0.140427172
  endloop
 endfacet
 facet normal 0.557742193 0.830010042 -0.002641299
  outer loop
   vertex -0.767583498 0.483594790 0.231782773
   vertex -0.710857651 0.445185982 0.140427172
   vertex -0.700105155 0.438609228 0.344246677
  endloop
 endfacet
 facet normal 0.801783726 0.534522484 -0.267261242
  outer loop
   vertex -0.767583498 0.483594790 0.231782773
   vertex -0.700105155 0.438609228 0.344246677
   vertex -0.745090717 0.506087571 0.344246677
  endloop
 endfacet
 facet normal 0.928476691 0.371390676 0.000000000
  outer loop
   vertex -0.767583498 0.483594790 0.231782773
   vertex -0.812569060 0.596058695 0.209289992
   vertex -0.767583498 0.483594790 0.141811649
  endloop
 endfacet
 facet normal 0.915810940 0.317011479 -0.246564484
  outer loop
   vertex -0.767583498 0.483594790 0.231782773
   vertex -0.745090717 0.506087571 0.344246677
   vertex -0.812569060 0.596058695 0.209289992
  endloop
 endfacet
 facet normal -0.256524527 -0.704580760 -0.661635186
  outer loop
   vertex -0.317727879 1.113392656 0.231782773
   vertex -0.351624156 1.121676532 0.236103231
   vertex -0.160278413 0.865972066 0.434217801
  endloop
 endfacet
 facet normal -0.515076565 -0.714800130 -0.473029498
  outer loop
   vertex -0.317727879 1.113392656 0.231782773
   vertex -0.160278413 0.865972066 0.434217801
   vertex -0.182771194 1.045914313 0.186797211
  endloop
 endfacet
 facet normal -0.992277877 -0.124034735 -0.000000000
  outer loop
   vertex -0.182771194 1.045914313 0.051840525
   vertex -0.182771194 1.045914313 0.186797211
   vertex -0.160278413 0.865972066 0.434217801
  endloop
 endfacet
 facet normal -0.992741858 -0.120251137 0.001807810
  outer loop
   vertex -0.182771194 1.045914313 0.051840525
   vertex -0.160278413 0.865972066 0.434217801
   vertex -0.176234949 0.990860202 -0.020908108
  endloop
 endfacet
 facet normal -0.462908021 -0.726339247 0.508082142
  outer loop
   vertex -0.182771194 1.045914313 0.051840525
   vertex -0.176234949 0.990860202 -0.020908108
   vertex -0.362713441 1.113392656 -0.015637817
  endloop
 endfacet
 facet normal -0.447213595 -0.894427191 0.000000000
  outer loop
   vertex -0.182771194 1.045914313 0.051840525
   vertex -0.317727879 1.113392656 0.231782773
   vertex -0.182771194 1.045914313 0.186797211
  endloop
 endfacet
 facet normal 0.235702260 0.235702260 -0.942809042
  outer loop
   vertex -0.497670127 0.461102009 0.501696144
   vertex -0.452684565 0.506087571 0.524188925
   vertex -0.587641251 0.551073133 0.501696144
  endloop
 endfacet
 facet normal 0.348155312 0.348155312 -0.870388280
  outer loop
   vertex -0.497670127 0.461102009 0.501696144
   vertex -0.587641251 0.551073133 0.501696144
   vertex -0.610134032 0.461102009 0.456710582
  endloop
 endfacet
 facet normal -0.052745408 -0.997988699 0.035163606
  outer loop
   vertex -0.317727879 1.113392656 0.051840525
   vertex -0.362713441 1.113392656 -0.015637817
   vertex -0.351624156 1.121676532 0.236103231
  endloop
 endfacet
 facet normal -0.237402222 -0.971411440 0.000000000
  outer loop
   vertex -0.317727879 1.113392656 0.051840525
   vertex -0.351624156 1.121676532 0.236103231
   vertex -0.317727879 1.113392656 0.231782773
  endloop
 endfacet
 facet normal -0.428571429 -0.857142857 0.285714286
  outer loop
   vertex -0.317727879 1.113392656 0.051840525
   vertex -0.182771194 1.045914313 0.051840525
   vertex -0.362713441 1.113392656 -0.015637817
  endloop
 endfacet
 facet normal -0.447213595 -0.894427191 -0.000000000
  outer loop
   vertex -0.317727879 1.113392656 0.051840525
   vertex -0.317727879 1.113392656 0.231782773
   vertex -0.182771194 1.045914313 0.051840525
  endloop
 endfacet
 facet normal 0.000000000 0.316227766 -0.948683298
  outer loop
   vertex -0.385206222 0.438609228 0.501696144
   vertex -0.227756756 0.438609228 0.501696144
   vertex -0.452684565 0.506087571 0.524188925
  endloop
 endfacet
 facet normal 0.076696499 0.383482494 -0.920357987
  outer loop
   vertex -0.385206222 0.438609228 0.501696144
   vertex -0.452684565 0.506087571 0.524188925
   vertex -0.497670127 0.461102009 0.501696144
  endloop
 endfacet
 facet normal 0.000000000 0.999997535 -0.002220392
  outer loop
   vertex -0.385206222 0.438609228 0.501696144
   vertex -0.160043501 0.438511196 0.457545317
   vertex -0.227756756 0.438609228 0.501696144
  endloop
 endfacet
 facet normal 0.154303350 0.771516750 -0.617213400
  outer loop
   vertex -0.565148470 0.438609228 0.456710582
   vertex -0.385206222 0.438609228 0.501696144
   vertex -0.497670127 0.461102009 0.501696144
  endloop
 endfacet
 facet normal 0.298142397 0.596284794 -0.745355992
  outer loop
   vertex -0.565148470 0.438609228 0.456710582
   vertex -0.497670127 0.461102009 0.501696144
   vertex -0.610134032 0.461102009 0.456710582
  endloop
 endfacet
 facet normal 0.394055203 0.788110406 -0.472866244
  outer loop
   vertex -0.565148470 0.438609228 0.456710582
   vertex -0.610134032 0.461102009 0.456710582
   vertex -0.700105155 0.438609228 0.344246677
  endloop
 endfacet
 facet normal 0.000242592 0.999999928 -0.000291111
  outer loop
   vertex -0.565148470 0.438609228 0.456710582
   vertex -0.700105155 0.438609228 0.344246677
   vertex -0.160043501 0.438511196 0.457545317
  endloop
 endfacet
 facet normal 0.000244004 0.999999494 -0.000976014
  outer loop
   vertex -0.565148470 0.438609228 0.456710582
   vertex -0.160043501 0.438511196 0.457545317
   vertex -0.385206222 0.438609228 0.501696144
  endloop
 endfacet
endsolid app/meshes/bunny015
solid app/meshes/bunny016
 facet normal 0.308407713 -0.210506654 0.927670001
  outer loop
   vertex -0.161112452 0.871770626 0.396760312
   vertex 0.588903239 0.848424745 0.142116865
   vertex 0.357041597 0.011789998 0.029351267
  endloop
 endfacet
 facet normal -0.789780030 -0.347503213 -0.505459219
  outer loop
   vertex 0.649461701 0.708522599 0.344246677
   vertex 0.604476139 0.843479285 0.321753897
   vertex 0.581983358 0.731015380 0.434217801
  endloop
 endfacet
 facet normal -0.040240767 -0.998901460 -0.024011541
  outer loop
   vertex -0.047814508 0.865972066 0.479203363
   vertex 0.604476139 0.843479285 0.321753897
   vertex 0.588903239 0.848424745 0.142116865
  endloop
 endfacet
 facet normal -0.037473822 -0.999121245 -0.018773658
  outer loop
   vertex -0.047814508 0.865972066 0.479203363
   vertex 0.588903239 0.848424745 0.142116865
   vertex -0.161112452 0.871770626 0.396760312
  endloop
 endfacet
 facet normal -0.960179662 0.278804247 -0.017978008
  outer loop
   vertex 0.649461701 0.056231952 0.254275554
   vertex 0.761332113 0.434296470 0.142488913
   vertex 0.761587340 0.436594148 0.164490135
  endloop
 endfacet
 facet normal -0.962243361 -0.269339828 0.039290857
  outer loop
   vertex 0.671954482 0.753508161 0.141811649
   vertex 0.761587340 0.436594148 0.164490135
   vertex 0.761332113 0.434296470 0.142488913
  endloop
 endfacet
 facet normal -0.945520326 -0.279382520 -0.167142818
  outer loop
   vertex 0.671954482 0.753508161 0.141811649
   vertex 0.649461701 0.708522599 0.344246677
   vertex 0.761587340 0.436594148 0.164490135
  endloop
 endfacet
 facet normal -0.924307520 -0.337727748 -0.177751446
  outer loop
   vertex 0.671954482 0.753508161 0.141811649
   vertex 0.604476139 0.843479285 0.321753897
   vertex 0.649461701 0.708522599 0.344246677
  endloop
 endfacet
 facet normal -0.243423344 -0.066104211 0.967664874
  outer loop
   vertex 0.671954482 0.753508161 0.141811649
   vertex 0.761332113 0.434296470 0.142488913
   vertex 0.444390881 0.025054304 0.034803363
  endloop
 endfacet
 facet normal -0.885205541 -0.060057194 -0.461307146
  outer loop
   vertex 0.669322768 0.235293027 0.367744500
   vertex 0.761587340 0.436594148 0.164490135
   vertex 0.649461701 0.708522599 0.344246677
  endloop
 endfacet
 facet normal -0.537409215 -0.429927372 -0.725502440
  outer loop
   vertex 0.492012234 0.843479285 0.434217801
   vertex 0.424533891 0.776000942 0.524188925
   vertex 0.581983358 0.731015380 0.434217801
  endloop
 endfacet
 facet normal -0.615457455 -0.492365964 -0.615457455
  outer loop
   vertex 0.492012234 0.843479285 0.434217801
   vertex 0.581983358 0.731015380 0.434217801
   vertex 0.604476139 0.843479285 0.321753897
  endloop
 endfacet
 facet normal -0.045360921 -0.997940266 -0.045360921
  outer loop
   vertex 0.492012234 0.843479285 0.434217801
   vertex 0.604476139 0.843479285 0.321753897
   vertex -0.047814508 0.865972066 0.479203363
  endloop
 endfacet
 facet normal 0.000000000 -0.000000000 -1.000000000
  outer loop
   vertex 0.222098863 0.438609228 0.659145611
   vertex 0.244591644 0.596058695 0.659145611
   vertex 0.019663835 0.461102009 0.659145611
  endloop
 endfacet
 facet normal -0.408248290 -0.163299316 -0.898146239
  outer loop
   vertex 0.447026672 0.708522599 0.546681706
   vertex 0.244591644 0.596058695 0.659145611
   vertex 0.469519453 0.528580352 0.569174487
  endloop
 endfacet
 facet normal -0.537666761 -0.422452455 -0.729690604
  outer loop
   vertex 0.447026672 0.708522599 0.546681706
   vertex 0.581983358 0.731015380 0.434217801
   vertex 0.424533891 0.776000942 0.524188925
  endloop
 endfacet
 facet normal 0.807761518 0.260828574 0.528667934
  outer loop
   vertex -0.163292312 0.667524676 0.500859659
   vertex -0.161112452 0.871770626 0.396760312
   vertex 0.357041597 0.011789998 0.029351267
  endloop
 endfacet
 facet normal -0.283829622 -0.387040394 -0.877291559
  outer loop
   vertex 0.199606082 0.686029818 0.636652830
   vertex 0.447026672 0.708522599 0.546681706
   vertex 0.424533891 0.776000942 0.524188925
  endloop
 endfacet
 facet normal -0.288568277 -0.365519818 -0.884942717
  outer loop
   vertex 0.199606082 0.686029818 0.636652830
   vertex 0.244591644 0.596058695 0.659145611
   vertex 0.447026672 0.708522599 0.546681706
  endloop
 endfacet
 facet normal -0.043694508 -0.119931960 0.991820102
  outer loop
   vertex 0.626968920 0.843479285 0.141811649
   vertex 0.444390881 0.025054304 0.034803363
   vertex 0.357041597 0.011789998 0.029351267
  endloop
 endfacet
 facet normal -0.009083603 -0.131098459 0.991327737
  outer loop
   vertex 0.626968920 0.843479285 0.141811649
   vertex 0.357041597 0.011789998 0.029351267
   vertex 0.588903239 0.848424745 0.142116865
  endloop
 endfacet
 facet normal -0.177235646 -0.088617823 0.980170601
  outer loop
   vertex 0.626968920 0.843479285 0.141811649
   vertex 0.671954482 0.753508161 0.141811649
   vertex 0.444390881 0.025054304 0.034803363
  endloop
 endfacet
 facet normal -0.128946724 -0.991520520 -0.016118341
  outer loop
   vertex 0.626968920 0.843479285 0.141811649
   vertex 0.588903239 0.848424745 0.142116865
   vertex 0.604476139 0.843479285 0.321753897
  endloop
 endfacet
 facet normal -0.888888889 -0.444444444 -0.111111111
  outer loop
   vertex 0.626968920 0.843479285 0.141811649
   vertex 0.604476139 0.843479285 0.321753897
   vertex 0.671954482 0.753508161 0.141811649
  endloop
 endfacet
 facet normal -0.959191117 0.252906942 -0.126453471
  outer loop
   vertex 0.649461701 0.101217514 0.344246677
   vertex 0.649461701 0.056231952 0.254275554
   vertex 0.761587340 0.436594148 0.164490135
  endloop
 endfacet
 facet normal -0.940198182 0.188946373 -0.283419559
  outer loop
   vertex 0.649461701 0.101217514 0.344246677
   vertex 0.669322768 0.235293027 0.367744500
   vertex 0.649461701 0.168695857 0.389232239
  endloop
 endfacet
 facet normal -0.950798098 0.184467922 -0.248906735
  outer loop
   vertex 0.649461701 0.101217514 0.344246677
   vertex 0.761587340 0.436594148 0.164490135
   vertex 0.669322768 0.235293027 0.367744500
  endloop
 endfacet
 facet normal -0.495444168 0.158993896 0.853964880
  outer loop
   vertex 0.642641680 0.070345669 0.141389890
   vertex 0.444390881 0.025054304 0.034803363
   vertex 0.761332113 0.434296470 0.142488913
  endloop
 endfacet
 facet normal -0.946440085 0.308360829 0.095732781
  outer loop
   vertex 0.642641680 0.070345669 0.141389890
   vertex 0.761332113 0.434296470 0.142488913
   vertex 0.649461701 0.056231952 0.254275554
  endloop
 endfacet
 facet normal -0.161806894 0.930666936 0.328142626
  outer loop
   vertex 0.581983358 0.011246390 0.141811649
   vertex 0.357041597 0.011789998 0.029351267
   vertex 0.444390881 0.025054304 0.034803363
  endloop
 endfacet
 facet normal -0.691398317 0.710569554 0.130611169
  outer loop
   vertex 0.581983358 0.011246390 0.141811649
   vertex 0.642641680 0.070345669 0.141389890
   vertex 0.649461701 0.056231952 0.254275554
  endloop
 endfacet
 facet normal -0.494498354 0.512552821 0.701969361
  outer loop
   vertex 0.581983358 0.011246390 0.141811649
   vertex 0.444390881 0.025054304 0.034803363
   vertex 0.642641680 0.070345669 0.141389890
  endloop
 endfacet
 facet normal -0.871612966 -0.060733573 -0.486417794
  outer loop
   vertex 0.581983358 0.596058695 0.479203363
   vertex 0.669322768 0.235293027 0.367744500
   vertex 0.649461701 0.708522599 0.344246677
  endloop
 endfacet
 facet normal -0.807780696 -0.186410930 -0.559232789
  outer loop
   vertex 0.581983358 0.596058695 0.479203363
   vertex 0.649461701 0.708522599 0.344246677
   vertex 0.581983358 0.731015380 0.434217801
  endloop
 endfacet
 facet normal -0.644831420 0.058621038 -0.762073496
  outer loop
   vertex 0.581983358 0.596058695 0.479203363
   vertex 0.469519453 0.528580352 0.569174487
   vertex 0.649461701 0.168695857 0.389232239
  endloop
 endfacet
 facet normal -0.759773951 0.016871142 -0.649968390
  outer loop
   vertex 0.581983358 0.596058695 0.479203363
   vertex 0.649461701 0.168695857 0.389232239
   vertex 0.669322768 0.235293027 0.367744500
  endloop
 endfacet
 facet normal -0.550908832 -0.170971707 -0.816864820
  outer loop
   vertex 0.581983358 0.596058695 0.479203363
   vertex 0.447026672 0.708522599 0.546681706
   vertex 0.469519453 0.528580352 0.569174487
  endloop
 endfacet
 facet normal -0.593732251 -0.254456679 -0.763370037
  outer loop
   vertex 0.581983358 0.596058695 0.479203363
   vertex 0.581983358 0.731015380 0.434217801
   vertex 0.447026672 0.708522599 0.546681706
  endloop
 endfacet
 facet normal -0.060522753 -0.968364052 -0.242091013
  outer loop
   vertex 0.222098863 0.843479285 0.501696144
   vertex 0.492012234 0.843479285 0.434217801
   vertex -0.047814508 0.865972066 0.479203363
  endloop
 endfacet
 facet normal -0.167183464 -0.724461676 -0.668733855
  outer loop
   vertex 0.222098863 0.843479285 0.501696144
   vertex 0.424533891 0.776000942 0.524188925
   vertex 0.492012234 0.843479285 0.434217801
  endloop
 endfacet
 facet normal -0.127000127 -0.635000635 -0.762000762
  outer loop
   vertex 0.222098863 0.843479285 0.501696144
   vertex 0.199606082 0.686029818 0.636652830
   vertex 0.424533891 0.776000942 0.524188925
  endloop
 endfacet
 facet normal -0.381452283 -0.040152872 -0.923516054
  outer loop
   vertex 0.424533891 0.438609228 0.591667268
   vertex 0.469519453 0.528580352 0.569174487
   vertex 0.244591644 0.596058695 0.659145611
  endloop
 endfacet
 facet normal -0.315905578 0.045129368 -0.947716733
  outer loop
   vertex 0.424533891 0.438609228 0.591667268
   vertex 0.244591644 0.596058695 0.659145611
   vertex 0.222098863 0.438609228 0.659145611
  endloop
 endfacet
 facet normal -0.597022314 0.099503719 -0.796029752
  outer loop
   vertex 0.424533891 0.438609228 0.591667268
   vertex 0.649461701 0.168695857 0.389232239
   vertex 0.469519453 0.528580352 0.569174487
  endloop
 endfacet
 facet normal 0.999415743 -0.023375376 -0.024935217
  outer loop
   vertex -0.160278413 0.843479285 0.456710582
   vertex -0.161112452 0.871770626 0.396760312
   vertex -0.163292312 0.667524676 0.500859659
  endloop
 endfacet
 facet normal -0.000000000 0.000000000 -1.000000000
  outer loop
   vertex 0.019663835 0.618551476 0.659145611
   vertex 0.019663835 0.461102009 0.659145611
   vertex 0.244591644 0.596058695 0.659145611
  endloop
 endfacet
 facet normal -0.025441093 -0.254410926 -0.966761517
  outer loop
   vertex 0.019663835 0.618551476 0.659145611
   vertex 0.244591644 0.596058695 0.659145611
   vertex 0.199606082 0.686029818 0.636652830
  endloop
 endfacet
 facet normal -0.507745537 0.477878153 -0.716817229
  outer loop
   vertex 0.469519453 0.078724733 0.456710582
   vertex 0.649461701 0.101217514 0.344246677
   vertex 0.649461701 0.168695857 0.389232239
  endloop
 endfacet
 facet normal 0.057698235 0.519284117 -0.852651699
  outer loop
   vertex 0.469519453 0.078724733 0.456710582
   vertex 0.222098863 0.438609228 0.659145611
   vertex 0.019663835 0.461102009 0.659145611
  endloop
 endfacet
 facet normal -0.364405444 0.832926730 -0.416463365
  outer loop
   vertex 0.469519453 0.078724733 0.456710582
   vertex 0.649461701 0.056231952 0.254275554
   vertex 0.649461701 0.101217514 0.344246677
  endloop
 endfacet
 facet normal -0.301511345 0.301511345 -0.904534034
  outer loop
   vertex 0.469519453 0.078724733 0.456710582
   vertex 0.424533891 0.438609228 0.591667268
   vertex 0.222098863 0.438609228 0.659145611
  endloop
 endfacet
 facet normal -0.451377392 0.263303479 -0.852601741
  outer loop
   vertex 0.469519453 0.078724733 0.456710582
   vertex 0.649461701 0.168695857 0.389232239
   vertex 0.424533891 0.438609228 0.591667268
  endloop
 endfacet
 facet normal 0.008201958 -0.656156643 -0.754580140
  outer loop
   vertex 0.042156615 0.686029818 0.636652830
   vertex 0.222098863 0.843479285 0.501696144
   vertex -0.047814508 0.865972066 0.479203363
  endloop
 endfacet
 facet normal -0.000000000 -0.650791373 -0.759256602
  outer loop
   vertex 0.042156615 0.686029818 0.636652830
   vertex 0.199606082 0.686029818 0.636652830
   vertex 0.222098863 0.843479285 0.501696144
  endloop
 endfacet
 facet normal 0.000000000 -0.316227766 -0.948683298
  outer loop
   vertex 0.042156615 0.686029818 0.636652830
   vertex 0.019663835 0.618551476 0.659145611
   vertex 0.199606082 0.686029818 0.636652830
  endloop
 endfacet
 facet normal 0.268457048 -0.554811232 -0.787474006
  outer loop
   vertex 0.042156615 0.686029818 0.636652830
   vertex -0.047814508 0.865972066 0.479203363
   vertex -0.160278413 0.843479285 0.456710582
  endloop
 endfacet
 facet normal 0.793272032 0.608144535 0.029659867
  outer loop
   vertex -0.157348341 0.659660310 0.503134968
   vertex -0.163292312 0.667524676 0.500859659
   vertex 0.357041597 0.011789998 0.029351267
  endloop
 endfacet
 facet normal 0.780933963 0.624582688 -0.006213822
  outer loop
   vertex -0.157348341 0.659660310 0.503134968
   vertex 0.357041597 0.011789998 0.029351267
   vertex 0.356656423 0.014956126 0.299187420
  endloop
 endfacet
 facet normal 0.769958710 0.634689558 -0.065823628
  outer loop
   vertex -0.157348341 0.659660310 0.503134968
   vertex 0.356656423 0.014956126 0.299187420
   vertex 0.019663835 0.461102009 0.659145611
  endloop
 endfacet
 facet normal 0.807746814 0.546629169 -0.220775080
  outer loop
   vertex -0.157348341 0.659660310 0.503134968
   vertex 0.019663835 0.461102009 0.659145611
   vertex -0.163292312 0.667524676 0.500859659
  endloop
 endfacet
 facet normal 0.043919321 0.998967050 -0.011658710
  outer loop
   vertex 0.447026672 0.011246390 0.321753897
   vertex 0.356656423 0.014956126 0.299187420
   vertex 0.357041597 0.011789998 0.029351267
  endloop
 endfacet
 facet normal 0.001757610 0.999997587 0.001318208
  outer loop
   vertex 0.447026672 0.011246390 0.321753897
   vertex 0.357041597 0.011789998 0.029351267
   vertex 0.581983358 0.011246390 0.141811649
  endloop
 endfacet
 facet normal 0.272165527 -0.680413817 -0.680413817
  outer loop
   vertex -0.160278413 0.865972066 0.434217801
   vertex -0.160278413 0.843479285 0.456710582
   vertex -0.047814508 0.865972066 0.479203363
  endloop
 endfacet
 facet normal 0.061612224 -0.986143256 -0.154030559
  outer loop
   vertex -0.160278413 0.865972066 0.434217801
   vertex -0.047814508 0.865972066 0.479203363
   vertex -0.161112452 0.871770626 0.396760312
  endloop
 endfacet
 facet normal 0.999306687 -0.026326264 -0.026326264
  outer loop
   vertex -0.160278413 0.865972066 0.434217801
   vertex -0.161112452 0.871770626 0.396760312
   vertex -0.160278413 0.843479285 0.456710582
  endloop
 endfacet
 facet normal 0.997057547 -0.034281913 -0.068563825
  outer loop
   vertex -0.160278413 0.708522599 0.524188925
   vertex -0.160278413 0.843479285 0.456710582
   vertex -0.163292312 0.667524676 0.500859659
  endloop
 endfacet
 facet normal 0.783564497 0.262769365 -0.563008827
  outer loop
   vertex -0.160278413 0.708522599 0.524188925
   vertex -0.163292312 0.667524676 0.500859659
   vertex 0.019663835 0.461102009 0.659145611
  endloop
 endfacet
 facet normal 0.600000000 0.000000000 -0.800000000
  outer loop
   vertex -0.160278413 0.708522599 0.524188925
   vertex 0.019663835 0.461102009 0.659145611
   vertex 0.019663835 0.618551476 0.659145611
  endloop
 endfacet
 facet normal 0.408248290 -0.408248290 -0.816496581
  outer loop
   vertex -0.160278413 0.708522599 0.524188925
   vertex 0.042156615 0.686029818 0.636652830
   vertex -0.160278413 0.843479285 0.456710582
  endloop
 endfacet
 facet normal 0.408248290 -0.408248290 -0.816496581
  outer loop
   vertex -0.160278413 0.708522599 0.524188925
   vertex 0.019663835 0.618551476 0.659145611
   vertex 0.042156615 0.686029818 0.636652830
  endloop
 endfacet
 facet normal 0.300028728 0.697493663 -0.650757522
  outer loop
   vertex 0.434750304 0.065586891 0.426599051
   vertex 0.469519453 0.078724733 0.456710582
   vertex 0.019663835 0.461102009 0.659145611
  endloop
 endfacet
 facet normal 0.401910103 0.739389179 -0.540159154
  outer loop
   vertex 0.434750304 0.065586891 0.426599051
   vertex 0.019663835 0.461102009 0.659145611
   vertex 0.356656423 0.014956126 0.299187420
  endloop
 endfacet
 facet normal 0.057317609 0.889102870 -0.454104370
  outer loop
   vertex 0.434750304 0.065586891 0.426599051
   vertex 0.447026672 0.011246390 0.321753897
   vertex 0.469519453 0.078724733 0.456710582
  endloop
 endfacet
 facet normal 0.146608759 0.885151958 -0.441601497
  outer loop
   vertex 0.434750304 0.065586891 0.426599051
   vertex 0.356656423 0.014956126 0.299187420
   vertex 0.447026672 0.011246390 0.321753897
  endloop
 endfacet
 facet normal -0.000000000 1.000000000 -0.000000000
  outer loop
   vertex 0.536997796 0.011246390 0.254275554
   vertex 0.447026672 0.011246390 0.321753897
   vertex 0.581983358 0.011246390 0.141811649
  endloop
 endfacet
 facet normal -0.367359179 0.918397948 -0.146943672
  outer loop
   vertex 0.536997796 0.011246390 0.254275554
   vertex 0.581983358 0.011246390 0.141811649
   vertex 0.649461701 0.056231952 0.254275554
  endloop
 endfacet
 facet normal -0.340777101 0.851942751 -0.397573284
  outer loop
   vertex 0.536997796 0.011246390 0.254275554
   vertex 0.649461701 0.056231952 0.254275554
   vertex 0.469519453 0.078724733 0.456710582
  endloop
 endfacet
 facet normal -0.291385759 0.874157276 -0.388514345
  outer loop
   vertex 0.536997796 0.011246390 0.254275554
   vertex 0.469519453 0.078724733 0.456710582
   vertex 0.447026672 0.011246390 0.321753897
  endloop
 endfacet
endsolid app/meshes/bunny016
solid app/meshes/bunny017
 facet normal -0.675647291 0.149738632 0.721858075
  outer loop
   vertex 0.019538187 0.732716943 -0.244211596
   vertex 0.440123124 0.028591890 0.295509173
   vertex 0.267084425 -0.011246390 0.141811649
  endloop
 endfacet
 facet normal -0.854544126 -0.425582869 -0.297713888
  outer loop
   vertex 0.450163985 0.076748507 0.413527296
   vertex 0.027136015 1.027592028 0.268533568
   vertex 0.019663835 0.910957628 0.456710582
  endloop
 endfacet
 facet normal -0.995949975 0.070300826 0.056048554
  outer loop
   vertex 0.450163985 0.076748507 0.413527296
   vertex 0.447026672 0.033739171 0.411725020
   vertex 0.440123124 0.028591890 0.295509173
  endloop
 endfacet
 facet normal -0.924558455 -0.318779888 0.208736786
  outer loop
   vertex 0.450163985 0.076748507 0.413527296
   vertex 0.440123124 0.028591890 0.295509173
   vertex 0.019663835 0.955943190 -0.150594503
  endloop
 endfacet
 facet normal 0.485222491 -0.293739177 -0.823575394
  outer loop
   vertex -0.587641251 0.416116447 0.434217801
   vertex -0.497670127 0.438609228 0.479203363
   vertex -0.804339317 0.874279441 0.143136744
  endloop
 endfacet
 facet normal 0.767499587 -0.043335704 -0.639582989
  outer loop
   vertex -0.587641251 0.416116447 0.434217801
   vertex -0.804339317 0.874279441 0.143136744
   vertex -0.700105155 0.416116447 0.299261116
  endloop
 endfacet
 facet normal 0.197866070 -0.261693835 -0.944650917
  outer loop
   vertex -0.272742318 0.933450409 0.389232239
   vertex -0.497670127 0.438609228 0.479203363
   vertex 0.019663835 0.910957628 0.456710582
  endloop
 endfacet
 facet normal 0.425628312 -0.345527766 -0.836331934
  outer loop
   vertex -0.272742318 0.933450409 0.389232239
   vertex -0.804339317 0.874279441 0.143136744
   vertex -0.497670127 0.438609228 0.479203363
  endloop
 endfacet
 facet normal 0.352034830 -0.730882977 -0.584706381
  outer loop
   vertex -0.272742318 0.933450409 0.389232239
   vertex -0.272742318 1.023421532 0.276768335
   vertex -0.804339317 0.874279441 0.143136744
  endloop
 endfacet
 facet normal -0.707066413 0.707066413 0.010685263
  outer loop
   vertex 0.424533891 0.011246390 0.411725020
   vertex 0.440123124 0.028591890 0.295509173
   vertex 0.447026672 0.033739171 0.411725020
  endloop
 endfacet
 facet normal -0.306825581 0.946486401 0.100107722
  outer loop
   vertex 0.424533891 0.011246390 0.411725020
   vertex 0.267084425 -0.011246390 0.141811649
   vertex 0.440123124 0.028591890 0.295509173
  endloop
 endfacet
 facet normal -0.903353578 -0.237909040 0.356863560
  outer loop
   vertex 0.019663835 0.820986504 -0.240565627
   vertex 0.019663835 0.955943190 -0.150594503
   vertex 0.440123124 0.028591890 0.295509173
  endloop
 endfacet
 facet normal -0.803167117 -0.023445242 0.595292284
  outer loop
   vertex 0.019663835 0.820986504 -0.240565627
   vertex 0.440123124 0.028591890 0.295509173
   vertex 0.019538187 0.732716943 -0.244211596
  endloop
 endfacet
 facet normal -0.292742328 0.361840062 0.885084007
  outer loop
   vertex -0.227756756 0.303652543 -0.150594503
   vertex 0.019538187 0.732716943 -0.244211596
   vertex 0.267084425 -0.011246390 0.141811649
  endloop
 endfacet
 facet normal -0.051715626 0.634691776 0.771032972
  outer loop
   vertex -0.227756756 0.303652543 -0.150594503
   vertex 0.267084425 -0.011246390 0.141811649
   vertex -0.385206222 0.236174200 -0.105608941
  endloop
 endfacet
 facet normal 0.246257869 0.928189618 0.278964326
  outer loop
   vertex 0.019369436 0.054435212 0.141943506
   vertex -0.385206222 0.236174200 -0.105608941
   vertex 0.267084425 -0.011246390 0.141811649
  endloop
 endfacet
 facet normal 0.256123250 0.966025845 -0.034568018
  outer loop
   vertex 0.019369436 0.054435212 0.141943506
   vertex 0.267084425 -0.011246390 0.141811649
   vertex 0.019377298 0.064064637 0.411102330
  endloop
 endfacet
 facet normal 0.349709325 0.936258911 -0.033505810
  outer loop
   vertex -0.587641251 0.281159762 0.141811649
   vertex 0.019369436 0.054435212 0.141943506
   vertex 0.019377298 0.064064637 0.411102330
  endloop
 endfacet
 facet normal 0.347549330 0.930562410 0.115165377
  outer loop
   vertex -0.587641251 0.281159762 0.141811649
   vertex -0.385206222 0.236174200 -0.105608941
   vertex 0.019369436 0.054435212 0.141943506
  endloop
 endfacet
 facet normal -0.087220267 -0.864934312 0.494248178
  outer loop
   vertex 0.019663835 1.045914313 0.006854963
   vertex 0.019663835 0.955943190 -0.150594503
   vertex -0.362713441 1.045914313 -0.060623379
  endloop
 endfacet
 facet normal -0.924387159 -0.331196215 0.189254980
  outer loop
   vertex 0.019663835 1.045914313 0.006854963
   vertex 0.450163985 0.076748507 0.413527296
   vertex 0.019663835 0.955943190 -0.150594503
  endloop
 endfacet
 facet normal -0.913519395 -0.406788111 -0.002397239
  outer loop
   vertex 0.019663835 1.045914313 0.006854963
   vertex 0.027136015 1.027592028 0.268533568
   vertex 0.450163985 0.076748507 0.413527296
  endloop
 endfacet
 facet normal -0.083599308 0.047807673 -0.995351989
  outer loop
   vertex -0.227756756 0.258666981 0.479203363
   vertex 0.447026672 0.033739171 0.411725020
   vertex 0.450163985 0.076748507 0.413527296
  endloop
 endfacet
 facet normal -0.074581652 0.074581652 -0.994422020
  outer loop
   vertex -0.227756756 0.258666981 0.479203363
   vertex 0.424533891 0.011246390 0.411725020
   vertex 0.447026672 0.033739171 0.411725020
  endloop
 endfacet
 facet normal -0.095883167 0.002045667 -0.995390493
  outer loop
   vertex -0.227756756 0.258666981 0.479203363
   vertex 0.450163985 0.076748507 0.413527296
   vertex 0.019663835 0.910957628 0.456710582
  endloop
 endfacet
 facet normal -0.018338594 -0.027507891 -0.999453357
  outer loop
   vertex -0.227756756 0.258666981 0.479203363
   vertex 0.019663835 0.910957628 0.456710582
   vertex -0.497670127 0.438609228 0.479203363
  endloop
 endfacet
 facet normal -0.740408275 -0.557756392 -0.375104509
  outer loop
   vertex -0.002828946 0.955943190 0.434217801
   vertex 0.019663835 0.910957628 0.456710582
   vertex 0.027136015 1.027592028 0.268533568
  endloop
 endfacet
 facet normal 0.001874892 -0.917975677 -0.396632248
  outer loop
   vertex -0.002828946 0.955943190 0.434217801
   vertex 0.027136015 1.027592028 0.268533568
   vertex -0.272742318 1.023421532 0.276768335
  endloop
 endfacet
 facet normal 0.182574186 -0.365148372 -0.912870929
  outer loop
   vertex -0.002828946 0.955943190 0.434217801
   vertex -0.272742318 0.933450409 0.389232239
   vertex 0.019663835 0.910957628 0.456710582
  endloop
 endfacet
 facet normal 0.166817540 -0.769927106 -0.615941685
  outer loop
   vertex -0.002828946 0.955943190 0.434217801
   vertex -0.272742318 1.023421532 0.276768335
   vertex -0.272742318 0.933450409 0.389232239
  endloop
 endfacet
 facet normal 0.356430685 -0.934210794 -0.014399957
  outer loop
   vertex -0.363774139 1.044794703 -0.014242181
   vertex -0.362713441 1.045914313 -0.060623379
   vertex -0.804339317 0.874279441 0.143136744
  endloop
 endfacet
 facet normal 0.304499756 -0.938259491 -0.164161584
  outer loop
   vertex -0.363774139 1.044794703 -0.014242181
   vertex -0.804339317 0.874279441 0.143136744
   vertex -0.272742318 1.023421532 0.276768335
  endloop
 endfacet
 facet normal 0.004241494 -0.999702117 -0.024035133
  outer loop
   vertex -0.363774139 1.044794703 -0.014242181
   vertex 0.019663835 1.045914313 0.006854963
   vertex -0.362713441 1.045914313 -0.060623379
  endloop
 endfacet
 facet normal 0.011753481 -0.996969628 -0.076898741
  outer loop
   vertex -0.363774139 1.044794703 -0.014242181
   vertex -0.272742318 1.023421532 0.276768335
   vertex 0.027136015 1.027592028 0.268533568
  endloop
 endfacet
 facet normal 0.006766247 -0.997521381 -0.070037938
  outer loop
   vertex -0.363774139 1.044794703 -0.014242181
   vertex 0.027136015 1.027592028 0.268533568
   vertex 0.019663835 1.045914313 0.006854963
  endloop
 endfacet
 facet normal 0.493734928 0.766118918 -0.411445773
  outer loop
   vertex -0.306488734 0.237631244 0.439258385
   vertex -0.587641251 0.416116447 0.434217801
   vertex -0.700105155 0.416116447 0.299261116
  endloop
 endfacet
 facet normal 0.240809373 0.578531116 -0.779302633
  outer loop
   vertex -0.306488734 0.237631244 0.439258385
   vertex 0.019377298 0.064064637 0.411102330
   vertex -0.227756756 0.258666981 0.479203363
  endloop
 endfacet
 facet normal 0.303270239 0.454905359 -0.837310143
  outer loop
   vertex -0.306488734 0.237631244 0.439258385
   vertex -0.227756756 0.258666981 0.479203363
   vertex -0.497670127 0.438609228 0.479203363
  endloop
 endfacet
 facet normal 0.304309633 0.455729936 -0.836484234
  outer loop
   vertex -0.306488734 0.237631244 0.439258385
   vertex -0.497670127 0.438609228 0.479203363
   vertex -0.587641251 0.416116447 0.434217801
  endloop
 endfacet
 facet normal 0.431771757 0.856510564 -0.282776951
  outer loop
   vertex -0.306488734 0.237631244 0.439258385
   vertex -0.587641251 0.281159762 0.141811649
   vertex 0.019377298 0.064064637 0.411102330
  endloop
 endfacet
 facet normal 0.486252519 0.804137557 -0.341937535
  outer loop
   vertex -0.306488734 0.237631244 0.439258385
   vertex -0.700105155 0.416116447 0.299261116
   vertex -0.587641251 0.281159762 0.141811649
  endloop
 endfacet
 facet normal 0.185693184 0.977247933 -0.102491557
  outer loop
   vertex 0.267831059 0.017189808 0.414301028
   vertex 0.019377298 0.064064637 0.411102330
   vertex 0.267084425 -0.011246390 0.141811649
  endloop
 endfacet
 facet normal 0.035991531 0.993944283 -0.103823750
  outer loop
   vertex 0.267831059 0.017189808 0.414301028
   vertex 0.267084425 -0.011246390 0.141811649
   vertex 0.424533891 0.011246390 0.411725020
  endloop
 endfacet
 facet normal 0.093071853 0.432103826 -0.897008313
  outer loop
   vertex 0.267831059 0.017189808 0.414301028
   vertex -0.227756756 0.258666981 0.479203363
   vertex 0.019377298 0.064064637 0.411102330
  endloop
 endfacet
 facet normal -0.006562034 0.246972867 -0.969000177
  outer loop
   vertex 0.267831059 0.017189808 0.414301028
   vertex 0.424533891 0.011246390 0.411725020
   vertex -0.227756756 0.258666981 0.479203363
  endloop
 endfacet
 facet normal -0.011753901 -0.041250204 0.999079710
  outer loop
   vertex -0.156583467 0.660882367 -0.249249540
   vertex 0.019663835 0.820986504 -0.240565627
   vertex 0.019538187 0.732716943 -0.244211596
  endloop
 endfacet
 facet normal 0.013875573 -0.069377866 0.997493950
  outer loop
   vertex -0.156583467 0.660882367 -0.249249540
   vertex -0.430191784 0.731015380 -0.240565627
   vertex 0.019663835 0.820986504 -0.240565627
  endloop
 endfacet
 facet normal -0.145414212 0.290186363 0.945857591
  outer loop
   vertex -0.156583467 0.660882367 -0.249249540
   vertex 0.019538187 0.732716943 -0.244211596
   vertex -0.227756756 0.303652543 -0.150594503
  endloop
 endfacet
 facet normal 0.000000000 -0.707106781 0.707106781
  outer loop
   vertex -0.362713441 0.955943190 -0.150594503
   vertex -0.362713441 1.045914313 -0.060623379
   vertex 0.019663835 0.955943190 -0.150594503
  endloop
 endfacet
 facet normal 0.000000000 -0.554700196 0.832050294
  outer loop
   vertex -0.362713441 0.955943190 -0.150594503
   vertex 0.019663835 0.955943190 -0.150594503
   vertex 0.019663835 0.820986504 -0.240565627
  endloop
 endfacet
 facet normal 0.355829997 -0.660827138 0.660827138
  outer loop
   vertex -0.362713441 0.955943190 -0.150594503
   vertex -0.655119593 0.865972066 -0.083116160
   vertex -0.362713441 1.045914313 -0.060623379
  endloop
 endfacet
 facet normal 0.079567532 0.417729544 0.905080679
  outer loop
   vertex -0.385206222 0.528580352 -0.240565627
   vertex -0.227756756 0.303652543 -0.150594503
   vertex -0.385206222 0.236174200 -0.105608941
  endloop
 endfacet
 facet normal -0.130640760 0.288020034 0.948671414
  outer loop
   vertex -0.385206222 0.528580352 -0.240565627
   vertex -0.156583467 0.660882367 -0.249249540
   vertex -0.227756756 0.303652543 -0.150594503
  endloop
 endfacet
 facet normal 0.033635568 0.007474571 0.999406213
  outer loop
   vertex -0.385206222 0.528580352 -0.240565627
   vertex -0.430191784 0.731015380 -0.240565627
   vertex -0.156583467 0.660882367 -0.249249540
  endloop
 endfacet
 facet normal 0.416401882 -0.897267398 0.146699313
  outer loop
   vertex -0.790076279 0.865972066 0.051840525
   vertex -0.804339317 0.874279441 0.143136744
   vertex -0.362713441 1.045914313 -0.060623379
  endloop
 endfacet
 facet normal 0.444444444 -0.777777778 0.444444444
  outer loop
   vertex -0.790076279 0.865972066 0.051840525
   vertex -0.362713441 1.045914313 -0.060623379
   vertex -0.655119593 0.865972066 -0.083116160
  endloop
 endfacet
 facet normal 0.411306373 -0.109681699 0.904874020
  outer loop
   vertex -0.677612374 0.731015380 -0.128101722
   vertex -0.430191784 0.731015380 -0.240565627
   vertex -0.632626812 0.528580352 -0.173087284
  endloop
 endfacet
 facet normal 0.666666667 -0.333333333 0.666666667
  outer loop
   vertex -0.677612374 0.731015380 -0.128101722
   vertex -0.790076279 0.865972066 0.051840525
   vertex -0.655119593 0.865972066 -0.083116160
  endloop
 endfacet
 facet normal 0.040978789 -0.471256070 0.881043958
  outer loop
   vertex -0.430191784 0.865972066 -0.195580065
   vertex -0.362713441 0.955943190 -0.150594503
   vertex 0.019663835 0.820986504 -0.240565627
  endloop
 endfacet
 facet normal 0.063119440 -0.315597202 0.946791605
  outer loop
   vertex -0.430191784 0.865972066 -0.195580065
   vertex 0.019663835 0.820986504 -0.240565627
   vertex -0.430191784 0.731015380 -0.240565627
  endloop
 endfacet
 facet normal 0.352180363 -0.616315634 0.704360725
  outer loop
   vertex -0.430191784 0.865972066 -0.195580065
   vertex -0.655119593 0.865972066 -0.083116160
   vertex -0.362713441 0.955943190 -0.150594503
  endloop
 endfacet
 facet normal 0.419058177 -0.349215148 0.838116355
  outer loop
   vertex -0.430191784 0.865972066 -0.195580065
   vertex -0.677612374 0.731015380 -0.128101722
   vertex -0.655119593 0.865972066 -0.083116160
  endloop
 endfacet
 facet normal 0.395972758 -0.290380023 0.871140068
  outer loop
   vertex -0.430191784 0.865972066 -0.195580065
   vertex -0.430191784 0.731015380 -0.240565627
   vertex -0.677612374 0.731015380 -0.128101722
  endloop
 endfacet
 facet normal 0.079567532 0.417729544 0.905080679
  outer loop
   vertex -0.542655689 0.461102009 -0.195580065
   vertex -0.385206222 0.528580352 -0.240565627
   vertex -0.385206222 0.236174200 -0.105608941
  endloop
 endfacet
 facet normal 0.274433612 0.045738935 0.960517643
  outer loop
   vertex -0.542655689 0.461102009 -0.195580065
   vertex -0.632626812 0.528580352 -0.173087284
   vertex -0.430191784 0.731015380 -0.240565627
  endloop
 endfacet
 facet normal 0.252025708 0.056005713 0.966098547
  outer loop
   vertex -0.542655689 0.461102009 -0.195580065
   vertex -0.430191784 0.731015380 -0.240565627
   vertex -0.385206222 0.528580352 -0.240565627
  endloop
 endfacet
 facet normal 0.802113825 -0.020884013 -0.596805890
  outer loop
   vertex -0.812569060 0.596058695 0.141811649
   vertex -0.700105155 0.416116447 0.299261116
   vertex -0.804339317 0.874279441 0.143136744
  endloop
 endfacet
 facet normal 0.962256765 0.010459313 0.271942129
  outer loop
   vertex -0.812569060 0.596058695 0.141811649
   vertex -0.790076279 0.865972066 0.051840525
   vertex -0.767583498 0.551073133 -0.015637817
  endloop
 endfacet
 facet normal 0.987153015 -0.029947385 0.156946100
  outer loop
   vertex -0.812569060 0.596058695 0.141811649
   vertex -0.804339317 0.874279441 0.143136744
   vertex -0.790076279 0.865972066 0.051840525
  endloop
 endfacet
 facet normal 0.916934405 0.366773762 0.157188755
  outer loop
   vertex -0.767583498 0.483594790 0.141811649
   vertex -0.812569060 0.596058695 0.141811649
   vertex -0.767583498 0.551073133 -0.015637817
  endloop
 endfacet
 facet normal 0.903094252 0.361237701 -0.232224236
  outer loop
   vertex -0.767583498 0.483594790 0.141811649
   vertex -0.700105155 0.416116447 0.299261116
   vertex -0.812569060 0.596058695 0.141811649
  endloop
 endfacet
 facet normal 0.754247233 0.235702260 0.612825877
  outer loop
   vertex -0.677612374 0.438609228 -0.083116160
   vertex -0.767583498 0.551073133 -0.015637817
   vertex -0.632626812 0.528580352 -0.173087284
  endloop
 endfacet
 facet normal 0.822178602 0.523204565 0.224230528
  outer loop
   vertex -0.677612374 0.438609228 -0.083116160
   vertex -0.767583498 0.483594790 0.141811649
   vertex -0.767583498 0.551073133 -0.015637817
  endloop
 endfacet
 facet normal 0.458034667 0.587479247 0.667137450
  outer loop
   vertex -0.677612374 0.438609228 -0.083116160
   vertex -0.542655689 0.461102009 -0.195580065
   vertex -0.385206222 0.236174200 -0.105608941
  endloop
 endfacet
 facet normal 0.522976360 0.457604315 0.719092496
  outer loop
   vertex -0.677612374 0.438609228 -0.083116160
   vertex -0.632626812 0.528580352 -0.173087284
   vertex -0.542655689 0.461102009 -0.195580065
  endloop
 endfacet
 facet normal 0.707106781 -0.000000000 0.707106781
  outer loop
   vertex -0.745090717 0.708522599 -0.060623379
   vertex -0.677612374 0.731015380 -0.128101722
   vertex -0.632626812 0.528580352 -0.173087284
  endloop
 endfacet
 facet normal 0.762383795 0.074743509 0.642794180
  outer loop
   vertex -0.745090717 0.708522599 -0.060623379
   vertex -0.632626812 0.528580352 -0.173087284
   vertex -0.767583498 0.551073133 -0.015637817
  endloop
 endfacet
 facet normal 0.918983365 -0.018754763 0.393850014
  outer loop
   vertex -0.745090717 0.708522599 -0.060623379
   vertex -0.767583498 0.551073133 -0.015637817
   vertex -0.790076279 0.865972066 0.051840525
  endloop
 endfacet
 facet normal 0.725024802 -0.250970124 0.641368095
  outer loop
   vertex -0.745090717 0.708522599 -0.060623379
   vertex -0.790076279 0.865972066 0.051840525
   vertex -0.677612374 0.731015380 -0.128101722
  endloop
 endfacet
 facet normal 0.744668712 0.666282531 -0.039193090
  outer loop
   vertex -0.632626812 0.326145324 0.051840525
   vertex -0.587641251 0.281159762 0.141811649
   vertex -0.700105155 0.416116447 0.299261116
  endloop
 endfacet
 facet normal 0.748255067 0.662389732 -0.036799430
  outer loop
   vertex -0.632626812 0.326145324 0.051840525
   vertex -0.700105155 0.416116447 0.299261116
   vertex -0.767583498 0.483594790 0.141811649
  endloop
 endfacet
 facet normal 0.798026060 0.566341075 0.205942209
  outer loop
   vertex -0.632626812 0.326145324 0.051840525
   vertex -0.767583498 0.483594790 0.141811649
   vertex -0.677612374 0.438609228 -0.083116160
  endloop
 endfacet
 facet normal 0.536585412 0.727573440 0.427449396
  outer loop
   vertex -0.632626812 0.326145324 0.051840525
   vertex -0.677612374 0.438609228 -0.083116160
   vertex -0.385206222 0.236174200 -0.105608941
  endloop
 endfacet
 facet normal 0.449214561 0.868481485 0.209633462
  outer loop
   vertex -0.632626812 0.326145324 0.051840525
   vertex -0.385206222 0.236174200 -0.105608941
   vertex -0.587641251 0.281159762 0.141811649
  endloop
 endfacet
endsolid app/meshes/bunny017
solid app/meshes/bunny018
 facet normal -0.938178073 0.079282654 -0.336951280
  outer loop
   vertex 0.447026672 0.438609228 0.569174487
   vertex 0.447026672 0.056231952 0.479203363
   vertex 0.581983358 0.888464847 0.299261116
  endloop
 endfacet
 facet normal -0.955086866 0.257447464 0.146730646
  outer loop
   vertex 0.424533891 0.011246390 0.411725020
   vertex 0.587919399 0.832390674 0.034474850
   vertex 0.447026672 0.056231952 0.479203363
  endloop
 endfacet
 facet normal -0.920891550 0.298444818 0.250777680
  outer loop
   vertex 0.424533891 0.011246390 0.411725020
   vertex 0.559490577 0.843479285 -0.083116160
   vertex 0.587919399 0.832390674 0.034474850
  endloop
 endfacet
 facet normal -0.371212935 -0.030934411 -0.928032337
  outer loop
   vertex 0.289577206 0.303652543 0.636652830
   vertex 0.447026672 0.438609228 0.569174487
   vertex 0.222098863 0.438609228 0.659145611
  endloop
 endfacet
 facet normal -0.522930674 0.195227452 -0.829716670
  outer loop
   vertex 0.289577206 0.303652543 0.636652830
   vertex 0.447026672 0.056231952 0.479203363
   vertex 0.447026672 0.438609228 0.569174487
  endloop
 endfacet
 facet normal -0.993485428 -0.113944078 0.001857910
  outer loop
   vertex 0.588199846 0.833466449 0.250415162
   vertex 0.587919399 0.832390674 0.034474850
   vertex 0.581983358 0.888464847 0.299261116
  endloop
 endfacet
 facet normal -0.965015115 0.104495071 -0.240471635
  outer loop
   vertex 0.588199846 0.833466449 0.250415162
   vertex 0.581983358 0.888464847 0.299261116
   vertex 0.447026672 0.056231952 0.479203363
  endloop
 endfacet
 facet normal -0.983881467 0.178821444 0.000386933
  outer loop
   vertex 0.588199846 0.833466449 0.250415162
   vertex 0.447026672 0.056231952 0.479203363
   vertex 0.587919399 0.832390674 0.034474850
  endloop
 endfacet
 facet normal 0.000000000 0.593199038 0.805055837
  outer loop
   vertex 0.289577206 0.865972066 -0.218072846
   vertex 0.424533891 0.011246390 0.411725020
   vertex 0.019663835 0.865972066 -0.218072846
  endloop
 endfacet
 facet normal -0.469840986 0.798729676 -0.375872789
  outer loop
   vertex 0.334562768 0.011246390 0.524188925
   vertex 0.424533891 0.011246390 0.411725020
   vertex 0.447026672 0.056231952 0.479203363
  endloop
 endfacet
 facet normal -0.446593757 0.260513025 -0.855971367
  outer loop
   vertex 0.334562768 0.011246390 0.524188925
   vertex 0.447026672 0.056231952 0.479203363
   vertex 0.289577206 0.303652543 0.636652830
  endloop
 endfacet
 facet normal 0.407577681 0.595751796 0.692069528
  outer loop
   vertex 0.199606082 0.011246390 0.411725020
   vertex -0.137959136 0.235578809 0.417414633
   vertex 0.019663835 0.865972066 -0.218072846
  endloop
 endfacet
 facet normal 0.000000000 0.593199038 0.805055837
  outer loop
   vertex 0.199606082 0.011246390 0.411725020
   vertex 0.019663835 0.865972066 -0.218072846
   vertex 0.424533891 0.011246390 0.411725020
  endloop
 endfacet
 facet normal 0.000000000 1.000000000 0.000000000
  outer loop
   vertex 0.199606082 0.011246390 0.411725020
   vertex 0.424533891 0.011246390 0.411725020
   vertex 0.334562768 0.011246390 0.524188925
  endloop
 endfacet
 facet normal -0.850887170 -0.058015034 -0.522135309
  outer loop
   vertex 0.514505015 0.865972066 0.411725020
   vertex 0.447026672 0.438609228 0.569174487
   vertex 0.581983358 0.888464847 0.299261116
  endloop
 endfacet
 facet normal -0.357315861 -0.272688420 -0.893289651
  outer loop
   vertex 0.514505015 0.865972066 0.411725020
   vertex 0.222098863 0.438609228 0.659145611
   vertex 0.447026672 0.438609228 0.569174487
  endloop
 endfacet
 facet normal -0.229489558 -0.382482597 -0.895009277
  outer loop
   vertex -0.025321727 0.663537038 0.636652830
   vertex 0.514505015 0.865972066 0.411725020
   vertex 0.289577206 1.000928752 0.411725020
  endloop
 endfacet
 facet normal -0.242208090 -0.356658066 -0.902291674
  outer loop
   vertex -0.025321727 0.663537038 0.636652830
   vertex 0.222098863 0.438609228 0.659145611
   vertex 0.514505015 0.865972066 0.411725020
  endloop
 endfacet
 facet normal 0.000000000 0.164398987 -0.986393924
  outer loop
   vertex 0.042156615 0.303652543 0.636652830
   vertex 0.289577206 0.303652543 0.636652830
   vertex 0.222098863 0.438609228 0.659145611
  endloop
 endfacet
 facet normal 0.971405804 -0.003572624 0.237398399
  outer loop
   vertex -0.157348341 0.659660310 0.503134968
   vertex 0.019663835 0.865972066 -0.218072846
   vertex -0.137959136 0.235578809 0.417414633
  endloop
 endfacet
 facet normal 0.962913506 0.095064736 -0.252507972
  outer loop
   vertex -0.157348341 0.659660310 0.503134968
   vertex -0.137959136 0.235578809 0.417414633
   vertex -0.115292851 0.528580352 0.614160049
  endloop
 endfacet
 facet normal 0.615844051 -0.517665024 -0.593935205
  outer loop
   vertex -0.157348341 0.659660310 0.503134968
   vertex -0.025321727 0.663537038 0.636652830
   vertex 0.019663835 1.000928752 0.389232239
  endloop
 endfacet
 facet normal 0.673685033 -0.339740647 -0.656296251
  outer loop
   vertex -0.157348341 0.659660310 0.503134968
   vertex -0.115292851 0.528580352 0.614160049
   vertex -0.025321727 0.663537038 0.636652830
  endloop
 endfacet
 facet normal -0.911430388 -0.367151966 0.185725825
  outer loop
   vertex 0.536997796 0.933450409 -0.015637817
   vertex 0.587919399 0.832390674 0.034474850
   vertex 0.559490577 0.843479285 -0.083116160
  endloop
 endfacet
 facet normal -0.852324703 -0.520865096 0.047351372
  outer loop
   vertex 0.536997796 0.933450409 -0.015637817
   vertex 0.514505015 0.978435971 0.074333306
   vertex 0.581983358 0.888464847 0.299261116
  endloop
 endfacet
 facet normal -0.904237907 -0.421421921 0.068973712
  outer loop
   vertex 0.536997796 0.933450409 -0.015637817
   vertex 0.581983358 0.888464847 0.299261116
   vertex 0.587919399 0.832390674 0.034474850
  endloop
 endfacet
 facet normal -0.698854381 -0.711333924 -0.074877255
  outer loop
   vertex 0.447026672 1.023421532 0.276768335
   vertex 0.581983358 0.888464847 0.299261116
   vertex 0.514505015 0.978435971 0.074333306
  endloop
 endfacet
 facet normal -0.478856587 0.504740726 0.718284880
  outer loop
   vertex 0.424533891 0.843479285 -0.173087284
   vertex 0.559490577 0.843479285 -0.083116160
   vertex 0.424533891 0.011246390 0.411725020
  endloop
 endfacet
 facet normal -0.174201423 0.566154623 0.805681579
  outer loop
   vertex 0.424533891 0.843479285 -0.173087284
   vertex 0.424533891 0.011246390 0.411725020
   vertex 0.289577206 0.865972066 -0.218072846
  endloop
 endfacet
 facet normal -0.446593757 0.260513025 -0.855971367
  outer loop
   vertex 0.267084425 0.191188638 0.614160049
   vertex 0.334562768 0.011246390 0.524188925
   vertex 0.289577206 0.303652543 0.636652830
  endloop
 endfacet
 facet normal -0.006981694 0.445106961 -0.895450193
  outer loop
   vertex 0.267084425 0.191188638 0.614160049
   vertex 0.152462374 0.030239037 0.535049527
   vertex 0.334562768 0.011246390 0.524188925
  endloop
 endfacet
 facet normal 0.098793126 0.381408701 -0.919112246
  outer loop
   vertex 0.267084425 0.191188638 0.614160049
   vertex 0.042156615 0.303652543 0.636652830
   vertex 0.152462374 0.030239037 0.535049527
  endloop
 endfacet
 facet normal 0.000000000 0.196116135 -0.980580676
  outer loop
   vertex 0.267084425 0.191188638 0.614160049
   vertex 0.289577206 0.303652543 0.636652830
   vertex 0.042156615 0.303652543 0.636652830
  endloop
 endfacet
 facet normal 0.597132806 0.798019155 -0.081227086
  outer loop
   vertex 0.158336877 0.016860457 0.446796893
   vertex 0.152462374 0.030239037 0.535049527
   vertex -0.137959136 0.235578809 0.417414633
  endloop
 endfacet
 facet normal 0.495312373 0.733519370 0.465419152
  outer loop
   vertex 0.158336877 0.016860457 0.446796893
   vertex -0.137959136 0.235578809 0.417414633
   vertex 0.199606082 0.011246390 0.411725020
  endloop
 endfacet
 facet normal 0.066981265 0.994511420 -0.080377518
  outer loop
   vertex 0.158336877 0.016860457 0.446796893
   vertex 0.199606082 0.011246390 0.411725020
   vertex 0.334562768 0.011246390 0.524188925
  endloop
 endfacet
 facet normal 0.094222243 0.985215706 -0.143081031
  outer loop
   vertex 0.158336877 0.016860457 0.446796893
   vertex 0.334562768 0.011246390 0.524188925
   vertex 0.152462374 0.030239037 0.535049527
  endloop
 endfacet
 facet normal -0.034971021 -0.531559520 -0.846298709
  outer loop
   vertex 0.087142177 0.978435971 0.434217801
   vertex -0.025321727 0.663537038 0.636652830
   vertex 0.289577206 1.000928752 0.411725020
  endloop
 endfacet
 facet normal 0.302733590 -0.589533832 -0.748867301
  outer loop
   vertex 0.087142177 0.978435971 0.434217801
   vertex 0.019663835 1.000928752 0.389232239
   vertex -0.025321727 0.663537038 0.636652830
  endloop
 endfacet
 facet normal 0.540452819 -0.225188675 -0.810679228
  outer loop
   vertex -0.047814508 0.528580352 0.659145611
   vertex -0.025321727 0.663537038 0.636652830
   vertex -0.115292851 0.528580352 0.614160049
  endloop
 endfacet
 facet normal 0.038180177 0.114540532 -0.992684613
  outer loop
   vertex -0.047814508 0.528580352 0.659145611
   vertex 0.042156615 0.303652543 0.636652830
   vertex 0.222098863 0.438609228 0.659145611
  endloop
 endfacet
 facet normal -0.051917413 -0.155752239 -0.986430850
  outer loop
   vertex -0.047814508 0.528580352 0.659145611
   vertex 0.222098863 0.438609228 0.659145611
   vertex -0.025321727 0.663537038 0.636652830
  endloop
 endfacet
 facet normal 0.745105368 0.331113518 -0.578948900
  outer loop
   vertex -0.002828946 0.236174200 0.591667268
   vertex -0.115292851 0.528580352 0.614160049
   vertex -0.137959136 0.235578809 0.417414633
  endloop
 endfacet
 facet normal 0.626972974 0.607030260 -0.488281839
  outer loop
   vertex -0.002828946 0.236174200 0.591667268
   vertex -0.137959136 0.235578809 0.417414633
   vertex 0.152462374 0.030239037 0.535049527
  endloop
 endfacet
 facet normal 0.240979617 0.422001285 -0.873981544
  outer loop
   vertex -0.002828946 0.236174200 0.591667268
   vertex 0.152462374 0.030239037 0.535049527
   vertex 0.042156615 0.303652543 0.636652830
  endloop
 endfacet
 facet normal 0.534522484 0.267261242 -0.801783726
  outer loop
   vertex -0.002828946 0.236174200 0.591667268
   vertex -0.047814508 0.528580352 0.659145611
   vertex -0.115292851 0.528580352 0.614160049
  endloop
 endfacet
 facet normal 0.452249235 0.266028961 -0.851292677
  outer loop
   vertex -0.002828946 0.236174200 0.591667268
   vertex 0.042156615 0.303652543 0.636652830
   vertex -0.047814508 0.528580352 0.659145611
  endloop
 endfacet
 facet normal 0.963091861 -0.201182357 0.178828762
  outer loop
   vertex 0.019663835 1.045914313 -0.015637817
   vertex 0.019663835 0.865972066 -0.218072846
   vertex -0.157348341 0.659660310 0.503134968
  endloop
 endfacet
 facet normal -0.587168571 -0.650079489 -0.482317040
  outer loop
   vertex 0.402041110 1.000928752 0.366739458
   vertex 0.514505015 0.865972066 0.411725020
   vertex 0.581983358 0.888464847 0.299261116
  endloop
 endfacet
 facet normal -0.588198745 -0.664920320 -0.460329452
  outer loop
   vertex 0.402041110 1.000928752 0.366739458
   vertex 0.581983358 0.888464847 0.299261116
   vertex 0.447026672 1.023421532 0.276768335
  endloop
 endfacet
 facet normal -0.315789474 -0.526315789 -0.789473684
  outer loop
   vertex 0.402041110 1.000928752 0.366739458
   vertex 0.289577206 1.000928752 0.411725020
   vertex 0.514505015 0.865972066 0.411725020
  endloop
 endfacet
 facet normal -0.577350269 -0.577350269 0.577350269
  outer loop
   vertex 0.424533891 0.910957628 -0.150594503
   vertex 0.536997796 0.933450409 -0.015637817
   vertex 0.559490577 0.843479285 -0.083116160
  endloop
 endfacet
 facet normal -0.534522484 -0.267261242 0.801783726
  outer loop
   vertex 0.424533891 0.910957628 -0.150594503
   vertex 0.559490577 0.843479285 -0.083116160
   vertex 0.424533891 0.843479285 -0.173087284
  endloop
 endfacet
 facet normal -0.346127724 -0.296680906 0.890042718
  outer loop
   vertex 0.424533891 0.910957628 -0.150594503
   vertex 0.424533891 0.843479285 -0.173087284
   vertex 0.289577206 0.865972066 -0.218072846
  endloop
 endfacet
 facet normal 0.000000000 -0.514495755 0.857492926
  outer loop
   vertex 0.289577206 0.978435971 -0.150594503
   vertex 0.289577206 0.865972066 -0.218072846
   vertex 0.019663835 0.865972066 -0.218072846
  endloop
 endfacet
 facet normal -0.249136440 -0.498272879 0.830454799
  outer loop
   vertex 0.289577206 0.978435971 -0.150594503
   vertex 0.424533891 0.910957628 -0.150594503
   vertex 0.289577206 0.865972066 -0.218072846
  endloop
 endfacet
 facet normal 0.020915194 -0.794777353 -0.606540612
  outer loop
   vertex 0.244591644 1.068407094 0.321753897
   vertex 0.087142177 0.978435971 0.434217801
   vertex 0.289577206 1.000928752 0.411725020
  endloop
 endfacet
 facet normal -0.207390339 -0.829561356 -0.518475847
  outer loop
   vertex 0.244591644 1.068407094 0.321753897
   vertex 0.289577206 1.000928752 0.411725020
   vertex 0.402041110 1.000928752 0.366739458
  endloop
 endfacet
 facet normal 0.926537204 -0.374336125 0.037433612
  outer loop
   vertex 0.019663835 1.068407094 0.209289992
   vertex 0.019663835 1.045914313 -0.015637817
   vertex -0.157348341 0.659660310 0.503134968
  endloop
 endfacet
 facet normal 0.844864732 -0.500917369 -0.187844014
  outer loop
   vertex 0.019663835 1.068407094 0.209289992
   vertex -0.157348341 0.659660310 0.503134968
   vertex 0.019663835 1.000928752 0.389232239
  endloop
 endfacet
 facet normal 0.195180015 -0.975900073 0.097590007
  outer loop
   vertex 0.019663835 1.068407094 0.209289992
   vertex 0.132127739 1.068407094 -0.015637817
   vertex 0.019663835 1.045914313 -0.015637817
  endloop
 endfacet
 facet normal 0.104541675 -0.993145910 0.052270837
  outer loop
   vertex 0.019663835 1.068407094 0.209289992
   vertex 0.289577206 1.090899875 0.096826087
   vertex 0.132127739 1.068407094 -0.015637817
  endloop
 endfacet
 facet normal 0.172612741 -0.863063704 0.474685037
  outer loop
   vertex 0.042156615 1.000928752 -0.105608941
   vertex 0.019663835 1.045914313 -0.015637817
   vertex 0.132127739 1.068407094 -0.015637817
  endloop
 endfacet
 facet normal 0.758142506 -0.487377325 0.433224289
  outer loop
   vertex 0.042156615 1.000928752 -0.105608941
   vertex 0.019663835 0.865972066 -0.218072846
   vertex 0.019663835 1.045914313 -0.015637817
  endloop
 endfacet
 facet normal 0.079325525 -0.645936414 0.759258592
  outer loop
   vertex 0.042156615 1.000928752 -0.105608941
   vertex 0.289577206 0.978435971 -0.150594503
   vertex 0.019663835 0.865972066 -0.218072846
  endloop
 endfacet
 facet normal 0.031322732 -0.814391042 0.579470549
  outer loop
   vertex 0.042156615 1.000928752 -0.105608941
   vertex 0.132127739 1.068407094 -0.015637817
   vertex 0.289577206 0.978435971 -0.150594503
  endloop
 endfacet
 facet normal -0.577350269 -0.577350269 0.577350269
  outer loop
   vertex 0.447026672 0.978435971 -0.060623379
   vertex 0.536997796 0.933450409 -0.015637817
   vertex 0.424533891 0.910957628 -0.150594503
  endloop
 endfacet
 facet normal -0.352180363 -0.704360725 0.616315634
  outer loop
   vertex 0.447026672 0.978435971 -0.060623379
   vertex 0.424533891 0.910957628 -0.150594503
   vertex 0.289577206 0.978435971 -0.150594503
  endloop
 endfacet
 facet normal -0.534522484 -0.801783726 0.267261242
  outer loop
   vertex 0.447026672 0.978435971 -0.060623379
   vertex 0.514505015 0.978435971 0.074333306
   vertex 0.536997796 0.933450409 -0.015637817
  endloop
 endfacet
 facet normal -0.455842306 -0.888892496 0.045584231
  outer loop
   vertex 0.357055549 1.068407094 0.254275554
   vertex 0.447026672 1.023421532 0.276768335
   vertex 0.514505015 0.978435971 0.074333306
  endloop
 endfacet
 facet normal -0.441460324 -0.895183436 0.061313934
  outer loop
   vertex 0.357055549 1.068407094 0.254275554
   vertex 0.514505015 0.978435971 0.074333306
   vertex 0.289577206 1.090899875 0.096826087
  endloop
 endfacet
 facet normal -0.067590886 -0.991333000 -0.112651477
  outer loop
   vertex 0.357055549 1.068407094 0.254275554
   vertex 0.289577206 1.090899875 0.096826087
   vertex 0.244591644 1.068407094 0.321753897
  endloop
 endfacet
 facet normal -0.252844902 -0.870910219 -0.421408170
  outer loop
   vertex 0.357055549 1.068407094 0.254275554
   vertex 0.244591644 1.068407094 0.321753897
   vertex 0.402041110 1.000928752 0.366739458
  endloop
 endfacet
 facet normal -0.334855411 -0.861056772 -0.382691899
  outer loop
   vertex 0.357055549 1.068407094 0.254275554
   vertex 0.402041110 1.000928752 0.366739458
   vertex 0.447026672 1.023421532 0.276768335
  endloop
 endfacet
 facet normal -0.036190575 -0.850478505 0.524763333
  outer loop
   vertex 0.334562768 1.045914313 -0.038130598
   vertex 0.289577206 0.978435971 -0.150594503
   vertex 0.132127739 1.068407094 -0.015637817
  endloop
 endfacet
 facet normal -0.073323558 -0.953206248 0.293294230
  outer loop
   vertex 0.334562768 1.045914313 -0.038130598
   vertex 0.132127739 1.068407094 -0.015637817
   vertex 0.289577206 1.090899875 0.096826087
  endloop
 endfacet
 facet normal -0.331042355 -0.744845300 0.579324122
  outer loop
   vertex 0.334562768 1.045914313 -0.038130598
   vertex 0.447026672 0.978435971 -0.060623379
   vertex 0.289577206 0.978435971 -0.150594503
  endloop
 endfacet
 facet normal -0.429601488 -0.889888797 0.153429103
  outer loop
   vertex 0.334562768 1.045914313 -0.038130598
   vertex 0.289577206 1.090899875 0.096826087
   vertex 0.514505015 0.978435971 0.074333306
  endloop
 endfacet
 facet normal -0.465690315 -0.853765578 0.232845158
  outer loop
   vertex 0.334562768 1.045914313 -0.038130598
   vertex 0.514505015 0.978435971 0.074333306
   vertex 0.447026672 0.978435971 -0.060623379
  endloop
 endfacet
 facet normal 0.092057462 -0.828517156 -0.552344771
  outer loop
   vertex 0.087142177 1.068407094 0.299261116
   vertex 0.019663835 1.000928752 0.389232239
   vertex 0.087142177 0.978435971 0.434217801
  endloop
 endfacet
 facet normal 0.078995251 -0.829450131 -0.552966754
  outer loop
   vertex 0.087142177 1.068407094 0.299261116
   vertex 0.087142177 0.978435971 0.434217801
   vertex 0.244591644 1.068407094 0.321753897
  endloop
 endfacet
 facet normal 0.423999152 -0.847998304 -0.317999364
  outer loop
   vertex 0.087142177 1.068407094 0.299261116
   vertex 0.019663835 1.068407094 0.209289992
   vertex 0.019663835 1.000928752 0.389232239
  endloop
 endfacet
 facet normal 0.013822390 -0.995212076 -0.096756730
  outer loop
   vertex 0.087142177 1.068407094 0.299261116
   vertex 0.244591644 1.068407094 0.321753897
   vertex 0.289577206 1.090899875 0.096826087
  endloop
 endfacet
 facet normal 0.063293041 -0.996865393 -0.047469781
  outer loop
   vertex 0.087142177 1.068407094 0.299261116
   vertex 0.289577206 1.090899875 0.096826087
   vertex 0.019663835 1.068407094 0.209289992
  endloop
 endfacet
endsolid app/meshes/bunny018
